date,period,n_points,span_km,slope_ols_cm_km,slope_theilsen_cm_km,ts_lo_cm_km,ts_hi_cm_km,wse_range_m,wse_p95_p05_m,wse_nmad_m
2019-07-11,PRE_BREACH,6,23.74808501828042,-0.04231600500580672,0.8462097979732703,-0.8995441153529283,3.231008151264865,0.18797347365145,0.15357065901164546,0.03733351004787276
2019-08-06,PRE_BREACH,6,23.212114047072617,0.040924623116989835,0.1418540096054213,-0.5727852225112304,4.639945652972255,0.13451295523442397,0.12210431399223154,0.04578289209349741
2019-08-09,PRE_BREACH,6,20.3299588608713,-0.1752566795705622,-0.09923738931242163,-0.7040351605425886,6.283633242379692,0.07592006522114403,0.06930868350293728,0.03041770754894005
2019-11-05,PRE_BREACH,6,23.695929008542365,-0.11001503416132169,-0.06425437167702083,-0.3004752630187364,38.78252677981588,0.06501966554328042,0.0607624888724736,0.027254188402009317
2020-01-09,PRE_BREACH,6,74.3889178435208,0.27342034772084667,0.2461849921219891,-0.27424554039523363,3.943434233390755,0.2548559630515843,0.19599028860558754,0.014376227542868499
2020-02-29,PRE_BREACH,6,26.009397659312384,0.14476036949171722,0.2691753345214606,-0.7205351843974943,23.245867382539487,0.08264747180201049,0.07601217425974482,0.012118544498750957
2020-07-08,PRE_BREACH,6,52.458373069141885,0.0961780469906719,0.07047211282113847,-28.994665328032315,0.22119333821423873,0.0723554547028602,0.06428202944350225,0.025659720110938075
2021-02-26,PRE_BREACH,6,22.65099588069802,0.03418051369828253,0.1022019804189139,-1.2353442805779054,6.7357050160107015,0.07282499533134157,0.06806589686575748,0.03987349026897093
2021-10-03,PRE_BREACH,6,23.83621533910312,-0.030610450350137583,0.05965149736732846,-1.22000044652651,3.0772857502168636,0.09805199483663785,0.08151867820049219,0.0236613532828979
2021-12-25,PRE_BREACH,4,29.963861320241506,-0.06952355665007227,-0.14158651200221964,-2.0387516248550246,0.9900816896271388,0.14558163614748665,0.13793307287573953,0.07612795887473933
2022-03-11,PRE_BREACH,4,35.025627566524065,0.07878020986672876,0.07875362114254073,-0.24683651417034763,0.4807963761266576,0.07207071967167522,0.06698925083074414,0.03035880769594259
2022-04-03,PRE_BREACH,6,23.418933166431785,0.07660663365791057,0.1725253531426231,-0.5229640614083853,0.9569746184953076,0.11365488779634347,0.09848703127530811,0.03927664016725273
2022-07-05,PRE_BREACH,6,43.40231683646911,0.1270504828482583,0.14528760518433387,-0.1991171003297646,0.8420035914196979,0.11804742780928379,0.10613300721444219,0.04481597213531234
2022-07-31,PRE_BREACH,6,21.78635484459697,-0.14211738597538476,-0.10319815496434732,-0.5846896064486881,0.8816969668707529,0.06493162536343888,0.05977119875705128,0.011331109501156188
2023-07-07,BREACH_DRAWDOWN,6,23.576782404605538,-29.360187086578904,-5.252903207641735,-47.30924966517932,19.689444593086172,7.417427870882674,5.707788390516742,0.42911629350426544
2023-07-30,BREACH_DRAWDOWN,6,26.428511659899556,2.3769332702567816,7.789538184220285,-73.27509759308852,22.40284043811914,1.2303945813821384,1.092775812878494,0.2849633852348108
2023-08-09,BREACH_DRAWDOWN,6,21.080622819633295,2.5695804326766933,3.244897045708507,0.6658393142135539,10.112177392032526,0.5081901051518078,0.485777553420618,0.18284060561895088
2023-08-24,BREACH_DRAWDOWN,6,42.90360889206639,0.5802275176389916,0.8579051375523145,0.297542971240177,3.815735825536269,0.2465726232718346,0.23137239976311008,0.13771258288334104
2023-09-07,BREACH_DRAWDOWN,6,33.89350514468421,3.6176754040613615,3.5168706304167796,-31.014572570493403,4.761044998140709,1.3219084890410149,1.2687431072089117,0.2975238773667621
2024-01-05,POST_BREACH,6,25.88537820326293,-33.261439341011304,9.609829254887725,-50.74999158861433,20.702649295315155,9.457902503094171,7.390734988880647,0.881578012397768
2024-04-01,POST_BREACH,6,70.75466161667873,2.932636123551224,2.7726515320713934,-0.23110616402833495,3.3155204027952196,1.9996863052735243,1.9882138712679556,0.20085587883825962
2024-07-27,POST_BREACH,6,20.544867803667955,1.1541461368129313,2.0635724641116377,-7.430391569495452,32.388377824316144,0.8871393276331818,0.8620779913609251,0.07892378553566635
2024-08-06,POST_BREACH,6,26.070140957999165,2.6302704054747448,2.4171350639002678,-0.345517364282891,4.422146614564465,0.7110753274092998,0.6873800954448201,0.1423285946193754
2024-10-03,POST_BREACH,6,26.00759213919055,3.5549627991256814,5.250789639592015,-62.982317705113964,39.92534484154934,2.359895038887495,2.11403352218509,1.020361623001328
2024-10-28,POST_BREACH,6,34.1199698220191,8.820052129958833,5.028934687687321,-117.69370940633081,30.42838942937533,3.805412728174556,3.444046208244698,0.0921843609553525
2024-11-20,POST_BREACH,6,30.260445124861633,1.822570190962019,0.9125492007040351,-17.365496077945696,15.680968932739484,1.3676928417295038,1.2166387375240753,0.5659650737841405
2025-02-18,POST_BREACH,6,45.60411095751843,2.057089915052118,3.1328128124491443,-7.600967808566492,170.33912928617298,2.308914631220384,1.97636685204316,0.7255277413073647
2025-05-06,POST_BREACH,6,25.288811178734207,0.07308995200200348,0.07846356389475,-2.449368384159348,2.6756541928824618,0.2941976465508328,0.26754111200982844,0.04287683295844593
2025-07-03,POST_BREACH,6,25.723715018717385,4.381287032654155,4.7382227274605535,-9.269187337573912,31.820826162344613,1.2665033379516601,1.1660027478821857,0.24976677578889195
2025-07-25,POST_BREACH,6,22.194883342203255,1.3999895559242452,5.208344919403511,-20.50037284334598,29.950954994410832,2.486201497958141,2.3473084219095526,0.5064364864846788
2025-08-19,POST_BREACH,6,45.74850492558966,3.4279348858772756,3.4945257715454856,0.250218172762,224.96690640122287,1.6546915885865126,1.5684357774611932,0.13415667775648962
2025-09-03,POST_BREACH,6,33.064297232021886,5.5266396842600045,5.663053083000853,0.3567408924219434,8.535365945315002,1.6272646037966063,1.6141809005307506,0.6625029606742204
2025-11-03,POST_BREACH,6,27.674192499014595,5.352442445942426,1.6660503283441541,0.953059956534154,46.044762306802184,3.3384816384973943,2.577822394446089,0.21930964815718898
