post_id,variable,unit,mean,max,max_flag,max_date,min,min_flag,min_date,source_file,page
98022,sea_level,cm,487.0,573.0,,8.06,444.0,,27.11,Інв_№229_Щорічні_дані_про_режим_та_ресурси_вод_морів_і_морських.pdf,34
98025,sea_level,cm,496.0,598.0,,8.06,414.0,,19.11,Інв_№229_Щорічні_дані_про_режим_та_ресурси_вод_морів_і_морських.pdf,35
98022,water_temperature,degC,13.7,28.1,,31.08,0.8,,16.02,Інв_№229_Щорічні_дані_про_режим_та_ресурси_вод_морів_і_морських.pdf,48
98025,water_temperature,degC,13.7,30.3,,5.08,-0.2,,8.02,Інв_№229_Щорічні_дані_про_режим_та_ресурси_вод_морів_і_морських.pdf,49
98022,salinity,ppt,3.93,12.77,,20.11,1.8,<,1.01. 1.09,Інв_№229_Щорічні_дані_про_режим_та_ресурси_вод_морів_і_морських.pdf,60
98025,salinity,ppt,3.03,7.66,,6.1,0.63,,23.06,Інв_№229_Щорічні_дані_про_режим_та_ресурси_вод_морів_і_морських.pdf,61
80805,water_level,cm,511.0,566.0,,29.11 19.11,1.0,,,Інв_№230_Щорічні_дані_про_режим_та_ресурси_вод_морів_і_морських.pdf,162
81801,water_level,cm,371.0,515.0,*,08.04.19308.06 14.11 05.12.2022 05.02,1.0,,,Інв_№230_Щорічні_дані_про_режим_та_ресурси_вод_морів_і_морських.pdf,164
98027,water_level,cm,494.0,580.0,,29.11 19.11 6.02,1.0,,,Інв_№230_Щорічні_дані_про_режим_та_ресурси_вод_морів_і_морських.pdf,165
98022,water_level,cm,485.0,525.0,,01.12 27.11,1.0,,,Інв_№230_Щорічні_дані_про_режим_та_ресурси_вод_морів_і_морських.pdf,166
98025,water_level,cm,494.0,546.0,,29.11 19.11,1.0,,,Інв_№230_Щорічні_дані_про_режим_та_ресурси_вод_морів_і_морських.pdf,168
81801,discharge,m3/s,24.3,87.9,,11.04 30.04 4.16 03.09 04.09 05.12.22 05.02,2.0,,,Інв_№230_Щорічні_дані_про_режим_та_ресурси_вод_морів_і_морських.pdf,175
