post_id,post_name,water_body,variable,unit,date,value,flag,source_file,page
81801,с. Олександрівка,р. Південний Буг,discharge,m3/s,2023-01-01,40.6,,Інв_№230_Щорічні_дані_про_режим_та_ресурси_вод_морів_і_морських.pdf,175
81801,с. Олександрівка,р. Південний Буг,discharge,m3/s,2023-01-02,42.8,,Інв_№230_Щорічні_дані_про_режим_та_ресурси_вод_морів_і_морських.pdf,175
81801,с. Олександрівка,р. Південний Буг,discharge,m3/s,2023-01-03,44.4,,Інв_№230_Щорічні_дані_про_режим_та_ресурси_вод_морів_і_морських.pdf,175
81801,с. Олександрівка,р. Південний Буг,discharge,m3/s,2023-01-04,38.9,,Інв_№230_Щорічні_дані_про_режим_та_ресурси_вод_морів_і_морських.pdf,175
81801,с. Олександрівка,р. Південний Буг,discharge,m3/s,2023-01-05,48.5,,Інв_№230_Щорічні_дані_про_режим_та_ресурси_вод_морів_і_морських.pdf,175
81801,с. Олександрівка,р. Південний Буг,discharge,m3/s,2023-01-06,45.0,,Інв_№230_Щорічні_дані_про_режим_та_ресурси_вод_морів_і_морських.pdf,175
81801,с. Олександрівка,р. Південний Буг,discharge,m3/s,2023-01-07,38.9,,Інв_№230_Щорічні_дані_про_режим_та_ресурси_вод_морів_і_морських.pdf,175
81801,с. Олександрівка,р. Південний Буг,discharge,m3/s,2023-01-08,36.2,,Інв_№230_Щорічні_дані_про_режим_та_ресурси_вод_морів_і_морських.pdf,175
81801,с. Олександрівка,р. Південний Буг,discharge,m3/s,2023-01-09,48.5,,Інв_№230_Щорічні_дані_про_режим_та_ресурси_вод_морів_і_морських.pdf,175
81801,с. Олександрівка,р. Південний Буг,discharge,m3/s,2023-01-10,40.0,,Інв_№230_Щорічні_дані_про_режим_та_ресурси_вод_морів_і_морських.pdf,175
81801,с. Олександрівка,р. Південний Буг,discharge,m3/s,2023-01-11,29.0,,Інв_№230_Щорічні_дані_про_режим_та_ресурси_вод_морів_і_морських.pdf,175
81801,с. Олександрівка,р. Південний Буг,discharge,m3/s,2023-01-12,29.0,,Інв_№230_Щорічні_дані_про_режим_та_ресурси_вод_морів_і_морських.pdf,175
81801,с. Олександрівка,р. Південний Буг,discharge,m3/s,2023-01-13,33.4,,Інв_№230_Щорічні_дані_про_режим_та_ресурси_вод_морів_і_морських.pdf,175
81801,с. Олександрівка,р. Південний Буг,discharge,m3/s,2023-01-14,41.7,,Інв_№230_Щорічні_дані_про_режим_та_ресурси_вод_морів_і_морських.pdf,175
81801,с. Олександрівка,р. Південний Буг,discharge,m3/s,2023-01-15,38.9,,Інв_№230_Щорічні_дані_про_режим_та_ресурси_вод_морів_і_морських.pdf,175
81801,с. Олександрівка,р. Південний Буг,discharge,m3/s,2023-01-16,33.4,,Інв_№230_Щорічні_дані_про_режим_та_ресурси_вод_морів_і_морських.pdf,175
81801,с. Олександрівка,р. Південний Буг,discharge,m3/s,2023-01-17,38.9,,Інв_№230_Щорічні_дані_про_режим_та_ресурси_вод_морів_і_морських.pdf,175
81801,с. Олександрівка,р. Південний Буг,discharge,m3/s,2023-01-18,45.5,,Інв_№230_Щорічні_дані_про_режим_та_ресурси_вод_морів_і_морських.pdf,175
81801,с. Олександрівка,р. Південний Буг,discharge,m3/s,2023-01-19,41.7,,Інв_№230_Щорічні_дані_про_режим_та_ресурси_вод_морів_і_морських.pdf,175
81801,с. Олександрівка,р. Південний Буг,discharge,m3/s,2023-01-20,50.3,,Інв_№230_Щорічні_дані_про_режим_та_ресурси_вод_морів_і_морських.pdf,175
81801,с. Олександрівка,р. Південний Буг,discharge,m3/s,2023-01-21,40.0,,Інв_№230_Щорічні_дані_про_режим_та_ресурси_вод_морів_і_морських.pdf,175
81801,с. Олександрівка,р. Південний Буг,discharge,m3/s,2023-01-22,33.4,,Інв_№230_Щорічні_дані_про_режим_та_ресурси_вод_морів_і_морських.pdf,175
81801,с. Олександрівка,р. Південний Буг,discharge,m3/s,2023-01-23,31.8,,Інв_№230_Щорічні_дані_про_режим_та_ресурси_вод_морів_і_морських.pdf,175
81801,с. Олександрівка,р. Південний Буг,discharge,m3/s,2023-01-24,38.9,,Інв_№230_Щорічні_дані_про_режим_та_ресурси_вод_морів_і_морських.pdf,175
81801,с. Олександрівка,р. Південний Буг,discharge,m3/s,2023-01-25,31.8,,Інв_№230_Щорічні_дані_про_режим_та_ресурси_вод_морів_і_морських.pdf,175
81801,с. Олександрівка,р. Південний Буг,discharge,m3/s,2023-01-26,31.8,,Інв_№230_Щорічні_дані_про_режим_та_ресурси_вод_морів_і_морських.pdf,175
81801,с. Олександрівка,р. Південний Буг,discharge,m3/s,2023-01-27,31.8,,Інв_№230_Щорічні_дані_про_режим_та_ресурси_вод_морів_і_морських.pdf,175
81801,с. Олександрівка,р. Південний Буг,discharge,m3/s,2023-01-28,30.7,,Інв_№230_Щорічні_дані_про_режим_та_ресурси_вод_морів_і_морських.pdf,175
81801,с. Олександрівка,р. Південний Буг,discharge,m3/s,2023-01-29,30.7,,Інв_№230_Щорічні_дані_про_режим_та_ресурси_вод_морів_і_морських.pdf,175
81801,с. Олександрівка,р. Південний Буг,discharge,m3/s,2023-01-30,31.8,,Інв_№230_Щорічні_дані_про_режим_та_ресурси_вод_морів_і_морських.pdf,175
81801,с. Олександрівка,р. Південний Буг,discharge,m3/s,2023-01-31,33.4,,Інв_№230_Щорічні_дані_про_режим_та_ресурси_вод_морів_і_морських.pdf,175
81801,с. Олександрівка,р. Південний Буг,discharge,m3/s,2023-02-01,31.8,,Інв_№230_Щорічні_дані_про_режим_та_ресурси_вод_морів_і_морських.pdf,175
81801,с. Олександрівка,р. Південний Буг,discharge,m3/s,2023-02-02,31.8,,Інв_№230_Щорічні_дані_про_режим_та_ресурси_вод_морів_і_морських.pdf,175
81801,с. Олександрівка,р. Південний Буг,discharge,m3/s,2023-02-03,39.5,,Інв_№230_Щорічні_дані_про_режим_та_ресурси_вод_морів_і_морських.pdf,175
81801,с. Олександрівка,р. Південний Буг,discharge,m3/s,2023-02-04,34.5,,Інв_№230_Щорічні_дані_про_режим_та_ресурси_вод_морів_і_морських.pdf,175
81801,с. Олександрівка,р. Південний Буг,discharge,m3/s,2023-02-05,29.0,,Інв_№230_Щорічні_дані_про_режим_та_ресурси_вод_морів_і_морських.pdf,175
81801,с. Олександрівка,р. Південний Буг,discharge,m3/s,2023-02-06,37.8,,Інв_№230_Щорічні_дані_про_режим_та_ресурси_вод_морів_і_морських.pdf,175
81801,с. Олександрівка,р. Південний Буг,discharge,m3/s,2023-02-07,32.3,,Інв_№230_Щорічні_дані_про_режим_та_ресурси_вод_морів_і_морських.pdf,175
81801,с. Олександрівка,р. Південний Буг,discharge,m3/s,2023-02-08,29.0,,Інв_№230_Щорічні_дані_про_режим_та_ресурси_вод_морів_і_морських.pdf,175
81801,с. Олександрівка,р. Південний Буг,discharge,m3/s,2023-02-09,29.0,,Інв_№230_Щорічні_дані_про_режим_та_ресурси_вод_морів_і_морських.pdf,175
81801,с. Олександрівка,р. Південний Буг,discharge,m3/s,2023-02-10,31.8,,Інв_№230_Щорічні_дані_про_режим_та_ресурси_вод_морів_і_морських.pdf,175
81801,с. Олександрівка,р. Південний Буг,discharge,m3/s,2023-02-11,33.4,,Інв_№230_Щорічні_дані_про_режим_та_ресурси_вод_морів_і_морських.pdf,175
81801,с. Олександрівка,р. Південний Буг,discharge,m3/s,2023-02-12,31.8,,Інв_№230_Щорічні_дані_про_режим_та_ресурси_вод_морів_і_морських.pdf,175
81801,с. Олександрівка,р. Південний Буг,discharge,m3/s,2023-02-13,30.7,,Інв_№230_Щорічні_дані_про_режим_та_ресурси_вод_морів_і_морських.pdf,175
81801,с. Олександрівка,р. Південний Буг,discharge,m3/s,2023-02-14,31.8,,Інв_№230_Щорічні_дані_про_режим_та_ресурси_вод_морів_і_морських.pdf,175
81801,с. Олександрівка,р. Південний Буг,discharge,m3/s,2023-02-15,31.8,,Інв_№230_Щорічні_дані_про_режим_та_ресурси_вод_морів_і_морських.pdf,175
81801,с. Олександрівка,р. Південний Буг,discharge,m3/s,2023-02-16,30.7,,Інв_№230_Щорічні_дані_про_режим_та_ресурси_вод_морів_і_морських.pdf,175
81801,с. Олександрівка,р. Південний Буг,discharge,m3/s,2023-02-17,31.8,,Інв_№230_Щорічні_дані_про_режим_та_ресурси_вод_морів_і_морських.pdf,175
81801,с. Олександрівка,р. Південний Буг,discharge,m3/s,2023-02-18,31.8,,Інв_№230_Щорічні_дані_про_режим_та_ресурси_вод_морів_і_морських.pdf,175
81801,с. Олександрівка,р. Південний Буг,discharge,m3/s,2023-02-19,32.3,,Інв_№230_Щорічні_дані_про_режим_та_ресурси_вод_морів_і_морських.pdf,175
81801,с. Олександрівка,р. Південний Буг,discharge,m3/s,2023-02-20,32.9,,Інв_№230_Щорічні_дані_про_режим_та_ресурси_вод_морів_і_морських.pdf,175
81801,с. Олександрівка,р. Південний Буг,discharge,m3/s,2023-02-21,32.9,,Інв_№230_Щорічні_дані_про_режим_та_ресурси_вод_морів_і_морських.pdf,175
81801,с. Олександрівка,р. Південний Буг,discharge,m3/s,2023-02-22,32.9,,Інв_№230_Щорічні_дані_про_режим_та_ресурси_вод_морів_і_морських.pdf,175
81801,с. Олександрівка,р. Південний Буг,discharge,m3/s,2023-02-23,32.9,,Інв_№230_Щорічні_дані_про_режим_та_ресурси_вод_морів_і_морських.pdf,175
81801,с. Олександрівка,р. Південний Буг,discharge,m3/s,2023-02-24,32.9,,Інв_№230_Щорічні_дані_про_режим_та_ресурси_вод_морів_і_морських.pdf,175
81801,с. Олександрівка,р. Південний Буг,discharge,m3/s,2023-02-25,34.0,,Інв_№230_Щорічні_дані_про_режим_та_ресурси_вод_морів_і_морських.pdf,175
81801,с. Олександрівка,р. Південний Буг,discharge,m3/s,2023-02-26,37.3,,Інв_№230_Щорічні_дані_про_режим_та_ресурси_вод_морів_і_морських.pdf,175
81801,с. Олександрівка,р. Південний Буг,discharge,m3/s,2023-02-27,34.5,,Інв_№230_Щорічні_дані_про_режим_та_ресурси_вод_морів_і_морських.pdf,175
81801,с. Олександрівка,р. Південний Буг,discharge,m3/s,2023-02-28,32.3,,Інв_№230_Щорічні_дані_про_режим_та_ресурси_вод_морів_і_морських.pdf,175
81801,с. Олександрівка,р. Південний Буг,discharge,m3/s,2023-03-01,36.2,,Інв_№230_Щорічні_дані_про_режим_та_ресурси_вод_морів_і_морських.pdf,175
81801,с. Олександрівка,р. Південний Буг,discharge,m3/s,2023-03-02,38.9,,Інв_№230_Щорічні_дані_про_режим_та_ресурси_вод_морів_і_морських.pdf,175
81801,с. Олександрівка,р. Південний Буг,discharge,m3/s,2023-03-03,38.9,,Інв_№230_Щорічні_дані_про_режим_та_ресурси_вод_морів_і_морських.pdf,175
81801,с. Олександрівка,р. Південний Буг,discharge,m3/s,2023-03-04,48.5,,Інв_№230_Щорічні_дані_про_режим_та_ресурси_вод_морів_і_морських.pdf,175
81801,с. Олександрівка,р. Південний Буг,discharge,m3/s,2023-03-05,48.5,,Інв_№230_Щорічні_дані_про_режим_та_ресурси_вод_морів_і_морських.pdf,175
81801,с. Олександрівка,р. Південний Буг,discharge,m3/s,2023-03-06,38.9,,Інв_№230_Щорічні_дані_про_режим_та_ресурси_вод_морів_і_морських.pdf,175
81801,с. Олександрівка,р. Південний Буг,discharge,m3/s,2023-03-07,40.0,,Інв_№230_Щорічні_дані_про_режим_та_ресурси_вод_морів_і_морських.pdf,175
81801,с. Олександрівка,р. Південний Буг,discharge,m3/s,2023-03-08,41.7,,Інв_№230_Щорічні_дані_про_режим_та_ресурси_вод_морів_і_морських.pdf,175
81801,с. Олександрівка,р. Південний Буг,discharge,m3/s,2023-03-09,35.1,,Інв_№230_Щорічні_дані_про_режим_та_ресурси_вод_морів_і_морських.pdf,175
81801,с. Олександрівка,р. Південний Буг,discharge,m3/s,2023-03-10,35.6,,Інв_№230_Щорічні_дані_про_режим_та_ресурси_вод_морів_і_морських.pdf,175
81801,с. Олександрівка,р. Південний Буг,discharge,m3/s,2023-03-11,37.8,,Інв_№230_Щорічні_дані_про_режим_та_ресурси_вод_морів_і_морських.pdf,175
81801,с. Олександрівка,р. Південний Буг,discharge,m3/s,2023-03-12,34.0,,Інв_№230_Щорічні_дані_про_режим_та_ресурси_вод_морів_і_морських.pdf,175
81801,с. Олександрівка,р. Південний Буг,discharge,m3/s,2023-03-13,37.8,,Інв_№230_Щорічні_дані_про_режим_та_ресурси_вод_морів_і_морських.pdf,175
81801,с. Олександрівка,р. Південний Буг,discharge,m3/s,2023-03-14,45.5,,Інв_№230_Щорічні_дані_про_режим_та_ресурси_вод_морів_і_морських.pdf,175
81801,с. Олександрівка,р. Південний Буг,discharge,m3/s,2023-03-15,38.9,,Інв_№230_Щорічні_дані_про_режим_та_ресурси_вод_морів_і_морських.pdf,175
81801,с. Олександрівка,р. Південний Буг,discharge,m3/s,2023-03-16,57.5,,Інв_№230_Щорічні_дані_про_режим_та_ресурси_вод_морів_і_морських.pdf,175
81801,с. Олександрівка,р. Південний Буг,discharge,m3/s,2023-03-17,34.0,,Інв_№230_Щорічні_дані_про_режим_та_ресурси_вод_морів_і_морських.pdf,175
81801,с. Олександрівка,р. Південний Буг,discharge,m3/s,2023-03-18,31.8,,Інв_№230_Щорічні_дані_про_режим_та_ресурси_вод_морів_і_морських.pdf,175
81801,с. Олександрівка,р. Південний Буг,discharge,m3/s,2023-03-19,31.8,,Інв_№230_Щорічні_дані_про_режим_та_ресурси_вод_морів_і_морських.pdf,175
81801,с. Олександрівка,р. Південний Буг,discharge,m3/s,2023-03-20,38.9,,Інв_№230_Щорічні_дані_про_режим_та_ресурси_вод_морів_і_морських.pdf,175
81801,с. Олександрівка,р. Південний Буг,discharge,m3/s,2023-03-21,31.8,,Інв_№230_Щорічні_дані_про_режим_та_ресурси_вод_морів_і_морських.pdf,175
81801,с. Олександрівка,р. Південний Буг,discharge,m3/s,2023-03-22,40.6,,Інв_№230_Щорічні_дані_про_режим_та_ресурси_вод_морів_і_морських.pdf,175
81801,с. Олександрівка,р. Південний Буг,discharge,m3/s,2023-03-23,56.9,,Інв_№230_Щорічні_дані_про_режим_та_ресурси_вод_морів_і_морських.pdf,175
81801,с. Олександрівка,р. Південний Буг,discharge,m3/s,2023-03-24,42.8,,Інв_№230_Щорічні_дані_про_режим_та_ресурси_вод_морів_і_морських.pdf,175
81801,с. Олександрівка,р. Південний Буг,discharge,m3/s,2023-03-25,43.3,,Інв_№230_Щорічні_дані_про_режим_та_ресурси_вод_морів_і_морських.pdf,175
81801,с. Олександрівка,р. Південний Буг,discharge,m3/s,2023-03-26,45.5,,Інв_№230_Щорічні_дані_про_режим_та_ресурси_вод_морів_і_морських.pdf,175
81801,с. Олександрівка,р. Південний Буг,discharge,m3/s,2023-03-27,43.3,,Інв_№230_Щорічні_дані_про_режим_та_ресурси_вод_морів_і_морських.pdf,175
81801,с. Олександрівка,р. Південний Буг,discharge,m3/s,2023-03-28,65.9,,Інв_№230_Щорічні_дані_про_режим_та_ресурси_вод_морів_і_морських.pdf,175
81801,с. Олександрівка,р. Південний Буг,discharge,m3/s,2023-03-29,45.0,,Інв_№230_Щорічні_дані_про_режим_та_ресурси_вод_морів_і_морських.pdf,175
81801,с. Олександрівка,р. Південний Буг,discharge,m3/s,2023-03-30,32.3,,Інв_№230_Щорічні_дані_про_режим_та_ресурси_вод_морів_і_морських.pdf,175
81801,с. Олександрівка,р. Південний Буг,discharge,m3/s,2023-03-31,29.0,,Інв_№230_Щорічні_дані_про_режим_та_ресурси_вод_морів_і_морських.pdf,175
81801,с. Олександрівка,р. Південний Буг,discharge,m3/s,2023-04-01,29.0,,Інв_№230_Щорічні_дані_про_режим_та_ресурси_вод_морів_і_морських.pdf,175
81801,с. Олександрівка,р. Південний Буг,discharge,m3/s,2023-04-02,56.9,,Інв_№230_Щорічні_дані_про_режим_та_ресурси_вод_морів_і_морських.pdf,175
81801,с. Олександрівка,р. Південний Буг,discharge,m3/s,2023-04-03,28.5,,Інв_№230_Щорічні_дані_про_режим_та_ресурси_вод_морів_і_морських.pdf,175
81801,с. Олександрівка,р. Південний Буг,discharge,m3/s,2023-04-04,29.0,,Інв_№230_Щорічні_дані_про_режим_та_ресурси_вод_морів_і_морських.pdf,175
81801,с. Олександрівка,р. Південний Буг,discharge,m3/s,2023-04-05,34.5,,Інв_№230_Щорічні_дані_про_режим_та_ресурси_вод_морів_і_морських.pdf,175
81801,с. Олександрівка,р. Південний Буг,discharge,m3/s,2023-04-06,56.9,,Інв_№230_Щорічні_дані_про_режим_та_ресурси_вод_морів_і_морських.pdf,175
81801,с. Олександрівка,р. Південний Буг,discharge,m3/s,2023-04-07,37.8,,Інв_№230_Щорічні_дані_про_режим_та_ресурси_вод_морів_і_морських.pdf,175
81801,с. Олександрівка,р. Південний Буг,discharge,m3/s,2023-04-08,34.5,,Інв_№230_Щорічні_дані_про_режим_та_ресурси_вод_морів_і_морських.pdf,175
81801,с. Олександрівка,р. Південний Буг,discharge,m3/s,2023-04-09,59.3,,Інв_№230_Щорічні_дані_про_режим_та_ресурси_вод_морів_і_морських.pdf,175
81801,с. Олександрівка,р. Південний Буг,discharge,m3/s,2023-04-10,64.7,,Інв_№230_Щорічні_дані_про_режим_та_ресурси_вод_морів_і_морських.pdf,175
81801,с. Олександрівка,р. Південний Буг,discharge,m3/s,2023-04-11,85.8,,Інв_№230_Щорічні_дані_про_режим_та_ресурси_вод_морів_і_морських.pdf,175
81801,с. Олександрівка,р. Південний Буг,discharge,m3/s,2023-04-12,66.5,,Інв_№230_Щорічні_дані_про_режим_та_ресурси_вод_морів_і_морських.pdf,175
81801,с. Олександрівка,р. Південний Буг,discharge,m3/s,2023-04-13,57.5,,Інв_№230_Щорічні_дані_про_режим_та_ресурси_вод_морів_і_морських.pdf,175
81801,с. Олександрівка,р. Південний Буг,discharge,m3/s,2023-04-14,62.3,,Інв_№230_Щорічні_дані_про_режим_та_ресурси_вод_морів_і_морських.pdf,175
81801,с. Олександрівка,р. Південний Буг,discharge,m3/s,2023-04-15,64.1,,Інв_№230_Щорічні_дані_про_режим_та_ресурси_вод_морів_і_морських.pdf,175
81801,с. Олександрівка,р. Південний Буг,discharge,m3/s,2023-04-16,68.3,,Інв_№230_Щорічні_дані_про_режим_та_ресурси_вод_морів_і_морських.pdf,175
81801,с. Олександрівка,р. Південний Буг,discharge,m3/s,2023-04-17,68.3,,Інв_№230_Щорічні_дані_про_режим_та_ресурси_вод_морів_і_морських.pdf,175
81801,с. Олександрівка,р. Південний Буг,discharge,m3/s,2023-04-18,68.9,,Інв_№230_Щорічні_дані_про_режим_та_ресурси_вод_морів_і_морських.pdf,175
81801,с. Олександрівка,р. Південний Буг,discharge,m3/s,2023-04-19,68.3,,Інв_№230_Щорічні_дані_про_режим_та_ресурси_вод_морів_і_морських.pdf,175
81801,с. Олександрівка,р. Південний Буг,discharge,m3/s,2023-04-20,69.5,,Інв_№230_Щорічні_дані_про_режим_та_ресурси_вод_морів_і_морських.pdf,175
81801,с. Олександрівка,р. Південний Буг,discharge,m3/s,2023-04-21,68.3,,Інв_№230_Щорічні_дані_про_режим_та_ресурси_вод_морів_і_морських.pdf,175
81801,с. Олександрівка,р. Південний Буг,discharge,m3/s,2023-04-22,68.9,,Інв_№230_Щорічні_дані_про_режим_та_ресурси_вод_морів_і_морських.pdf,175
81801,с. Олександрівка,р. Південний Буг,discharge,m3/s,2023-04-23,67.7,,Інв_№230_Щорічні_дані_про_режим_та_ресурси_вод_морів_і_морських.pdf,175
81801,с. Олександрівка,р. Південний Буг,discharge,m3/s,2023-04-24,67.7,,Інв_№230_Щорічні_дані_про_режим_та_ресурси_вод_морів_і_морських.pdf,175
81801,с. Олександрівка,р. Південний Буг,discharge,m3/s,2023-04-25,72.1,,Інв_№230_Щорічні_дані_про_режим_та_ресурси_вод_морів_і_морських.pdf,175
81801,с. Олександрівка,р. Південний Буг,discharge,m3/s,2023-04-26,69.5,,Інв_№230_Щорічні_дані_про_режим_та_ресурси_вод_морів_і_морських.pdf,175
81801,с. Олександрівка,р. Південний Буг,discharge,m3/s,2023-04-27,71.5,,Інв_№230_Щорічні_дані_про_режим_та_ресурси_вод_морів_і_морських.pdf,175
81801,с. Олександрівка,р. Південний Буг,discharge,m3/s,2023-04-28,70.2,,Інв_№230_Щорічні_дані_про_режим_та_ресурси_вод_морів_і_морських.pdf,175
81801,с. Олександрівка,р. Південний Буг,discharge,m3/s,2023-04-29,73.4,,Інв_№230_Щорічні_дані_про_режим_та_ресурси_вод_морів_і_морських.pdf,175
81801,с. Олександрівка,р. Південний Буг,discharge,m3/s,2023-04-30,72.1,,Інв_№230_Щорічні_дані_про_режим_та_ресурси_вод_морів_і_морських.pdf,175
81801,с. Олександрівка,р. Південний Буг,discharge,m3/s,2023-05-01,57.5,,Інв_№230_Щорічні_дані_про_режим_та_ресурси_вод_морів_і_морських.pdf,175
81801,с. Олександрівка,р. Південний Буг,discharge,m3/s,2023-05-02,56.3,,Інв_№230_Щорічні_дані_про_режим_та_ресурси_вод_морів_і_морських.pdf,175
81801,с. Олександрівка,р. Південний Буг,discharge,m3/s,2023-05-03,56.5,,Інв_№230_Щорічні_дані_про_режим_та_ресурси_вод_морів_і_морських.pdf,175
81801,с. Олександрівка,р. Південний Буг,discharge,m3/s,2023-05-04,49.8,,Інв_№230_Щорічні_дані_про_режим_та_ресурси_вод_морів_і_морських.pdf,175
81801,с. Олександрівка,р. Південний Буг,discharge,m3/s,2023-05-05,48.4,,Інв_№230_Щорічні_дані_про_режим_та_ресурси_вод_морів_і_морських.pdf,175
81801,с. Олександрівка,р. Південний Буг,discharge,m3/s,2023-05-06,45.7,,Інв_№230_Щорічні_дані_про_режим_та_ресурси_вод_морів_і_морських.pdf,175
81801,с. Олександрівка,р. Південний Буг,discharge,m3/s,2023-05-07,43.9,,Інв_№230_Щорічні_дані_про_режим_та_ресурси_вод_морів_і_морських.pdf,175
81801,с. Олександрівка,р. Південний Буг,discharge,m3/s,2023-05-08,37.3,,Інв_№230_Щорічні_дані_про_режим_та_ресурси_вод_морів_і_морських.pdf,175
81801,с. Олександрівка,р. Південний Буг,discharge,m3/s,2023-05-09,37.7,,Інв_№230_Щорічні_дані_про_режим_та_ресурси_вод_морів_і_морських.pdf,175
81801,с. Олександрівка,р. Південний Буг,discharge,m3/s,2023-05-10,28.8,,Інв_№230_Щорічні_дані_про_режим_та_ресурси_вод_морів_і_морських.pdf,175
81801,с. Олександрівка,р. Південний Буг,discharge,m3/s,2023-05-11,24.1,,Інв_№230_Щорічні_дані_про_режим_та_ресурси_вод_морів_і_морських.pdf,175
81801,с. Олександрівка,р. Південний Буг,discharge,m3/s,2023-05-12,25.3,,Інв_№230_Щорічні_дані_про_режим_та_ресурси_вод_морів_і_морських.pdf,175
81801,с. Олександрівка,р. Південний Буг,discharge,m3/s,2023-05-13,25.7,,Інв_№230_Щорічні_дані_про_режим_та_ресурси_вод_морів_і_морських.pdf,175
81801,с. Олександрівка,р. Південний Буг,discharge,m3/s,2023-05-14,23.8,,Інв_№230_Щорічні_дані_про_режим_та_ресурси_вод_морів_і_морських.pdf,175
81801,с. Олександрівка,р. Південний Буг,discharge,m3/s,2023-05-15,22.1,,Інв_№230_Щорічні_дані_про_режим_та_ресурси_вод_морів_і_морських.pdf,175
81801,с. Олександрівка,р. Південний Буг,discharge,m3/s,2023-05-16,33.3,,Інв_№230_Щорічні_дані_про_режим_та_ресурси_вод_морів_і_морських.pdf,175
81801,с. Олександрівка,р. Південний Буг,discharge,m3/s,2023-05-17,27.0,,Інв_№230_Щорічні_дані_про_режим_та_ресурси_вод_морів_і_морських.pdf,175
81801,с. Олександрівка,р. Південний Буг,discharge,m3/s,2023-05-18,20.9,,Інв_№230_Щорічні_дані_про_режим_та_ресурси_вод_морів_і_морських.pdf,175
81801,с. Олександрівка,р. Південний Буг,discharge,m3/s,2023-05-19,20.0,,Інв_№230_Щорічні_дані_про_режим_та_ресурси_вод_морів_і_морських.pdf,175
81801,с. Олександрівка,р. Південний Буг,discharge,m3/s,2023-05-20,17.9,,Інв_№230_Щорічні_дані_про_режим_та_ресурси_вод_морів_і_морських.pdf,175
81801,с. Олександрівка,р. Південний Буг,discharge,m3/s,2023-05-21,16.4,,Інв_№230_Щорічні_дані_про_режим_та_ресурси_вод_морів_і_морських.pdf,175
81801,с. Олександрівка,р. Південний Буг,discharge,m3/s,2023-05-22,16.0,,Інв_№230_Щорічні_дані_про_режим_та_ресурси_вод_морів_і_морських.pdf,175
81801,с. Олександрівка,р. Південний Буг,discharge,m3/s,2023-05-23,24.4,,Інв_№230_Щорічні_дані_про_режим_та_ресурси_вод_морів_і_морських.pdf,175
81801,с. Олександрівка,р. Південний Буг,discharge,m3/s,2023-05-24,23.5,,Інв_№230_Щорічні_дані_про_режим_та_ресурси_вод_морів_і_морських.pdf,175
81801,с. Олександрівка,р. Південний Буг,discharge,m3/s,2023-05-25,15.0,,Інв_№230_Щорічні_дані_про_режим_та_ресурси_вод_морів_і_морських.pdf,175
81801,с. Олександрівка,р. Південний Буг,discharge,m3/s,2023-05-26,13.2,,Інв_№230_Щорічні_дані_про_режим_та_ресурси_вод_морів_і_морських.pdf,175
81801,с. Олександрівка,р. Південний Буг,discharge,m3/s,2023-05-27,14.7,,Інв_№230_Щорічні_дані_про_режим_та_ресурси_вод_морів_і_морських.pdf,175
81801,с. Олександрівка,р. Південний Буг,discharge,m3/s,2023-05-28,15.1,,Інв_№230_Щорічні_дані_про_режим_та_ресурси_вод_морів_і_морських.pdf,175
81801,с. Олександрівка,р. Південний Буг,discharge,m3/s,2023-05-29,15.0,,Інв_№230_Щорічні_дані_про_режим_та_ресурси_вод_морів_і_морських.pdf,175
81801,с. Олександрівка,р. Південний Буг,discharge,m3/s,2023-05-30,14.2,,Інв_№230_Щорічні_дані_про_режим_та_ресурси_вод_морів_і_морських.pdf,175
81801,с. Олександрівка,р. Південний Буг,discharge,m3/s,2023-05-31,13.7,,Інв_№230_Щорічні_дані_про_режим_та_ресурси_вод_морів_і_морських.pdf,175
81801,с. Олександрівка,р. Південний Буг,discharge,m3/s,2023-06-01,15.8,,Інв_№230_Щорічні_дані_про_режим_та_ресурси_вод_морів_і_морських.pdf,175
81801,с. Олександрівка,р. Південний Буг,discharge,m3/s,2023-06-02,17.1,,Інв_№230_Щорічні_дані_про_режим_та_ресурси_вод_морів_і_морських.pdf,175
81801,с. Олександрівка,р. Південний Буг,discharge,m3/s,2023-06-03,18.3,,Інв_№230_Щорічні_дані_про_режим_та_ресурси_вод_морів_і_морських.pdf,175
81801,с. Олександрівка,р. Південний Буг,discharge,m3/s,2023-06-04,13.6,,Інв_№230_Щорічні_дані_про_режим_та_ресурси_вод_морів_і_морських.pdf,175
81801,с. Олександрівка,р. Південний Буг,discharge,m3/s,2023-06-05,13.8,,Інв_№230_Щорічні_дані_про_режим_та_ресурси_вод_морів_і_морських.pdf,175
81801,с. Олександрівка,р. Південний Буг,discharge,m3/s,2023-06-06,13.2,,Інв_№230_Щорічні_дані_про_режим_та_ресурси_вод_морів_і_морських.pdf,175
81801,с. Олександрівка,р. Південний Буг,discharge,m3/s,2023-06-07,14.4,,Інв_№230_Щорічні_дані_про_режим_та_ресурси_вод_морів_і_морських.pdf,175
81801,с. Олександрівка,р. Південний Буг,discharge,m3/s,2023-06-08,14.5,,Інв_№230_Щорічні_дані_про_режим_та_ресурси_вод_морів_і_морських.pdf,175
81801,с. Олександрівка,р. Південний Буг,discharge,m3/s,2023-06-09,14.0,,Інв_№230_Щорічні_дані_про_режим_та_ресурси_вод_морів_і_морських.pdf,175
81801,с. Олександрівка,р. Південний Буг,discharge,m3/s,2023-06-10,14.1,,Інв_№230_Щорічні_дані_про_режим_та_ресурси_вод_морів_і_морських.pdf,175
81801,с. Олександрівка,р. Південний Буг,discharge,m3/s,2023-06-11,13.5,,Інв_№230_Щорічні_дані_про_режим_та_ресурси_вод_морів_і_морських.pdf,175
81801,с. Олександрівка,р. Південний Буг,discharge,m3/s,2023-06-12,13.7,,Інв_№230_Щорічні_дані_про_режим_та_ресурси_вод_морів_і_морських.pdf,175
81801,с. Олександрівка,р. Південний Буг,discharge,m3/s,2023-06-13,13.0,,Інв_№230_Щорічні_дані_про_режим_та_ресурси_вод_морів_і_морських.pdf,175
81801,с. Олександрівка,р. Південний Буг,discharge,m3/s,2023-06-14,13.1,,Інв_№230_Щорічні_дані_про_режим_та_ресурси_вод_морів_і_морських.pdf,175
81801,с. Олександрівка,р. Південний Буг,discharge,m3/s,2023-06-15,12.5,,Інв_№230_Щорічні_дані_про_режим_та_ресурси_вод_морів_і_морських.pdf,175
81801,с. Олександрівка,р. Південний Буг,discharge,m3/s,2023-06-16,12.4,,Інв_№230_Щорічні_дані_про_режим_та_ресурси_вод_морів_і_морських.pdf,175
81801,с. Олександрівка,р. Південний Буг,discharge,m3/s,2023-06-17,12.4,,Інв_№230_Щорічні_дані_про_режим_та_ресурси_вод_морів_і_морських.pdf,175
81801,с. Олександрівка,р. Південний Буг,discharge,m3/s,2023-06-18,11.6,,Інв_№230_Щорічні_дані_про_режим_та_ресурси_вод_морів_і_морських.pdf,175
81801,с. Олександрівка,р. Південний Буг,discharge,m3/s,2023-06-19,11.8,,Інв_№230_Щорічні_дані_про_режим_та_ресурси_вод_морів_і_морських.pdf,175
81801,с. Олександрівка,р. Південний Буг,discharge,m3/s,2023-06-20,12.2,,Інв_№230_Щорічні_дані_про_режим_та_ресурси_вод_морів_і_морських.pdf,175
81801,с. Олександрівка,р. Південний Буг,discharge,m3/s,2023-06-21,12.0,,Інв_№230_Щорічні_дані_про_режим_та_ресурси_вод_морів_і_морських.pdf,175
81801,с. Олександрівка,р. Південний Буг,discharge,m3/s,2023-06-22,12.0,,Інв_№230_Щорічні_дані_про_режим_та_ресурси_вод_морів_і_морських.pdf,175
81801,с. Олександрівка,р. Південний Буг,discharge,m3/s,2023-06-23,11.3,,Інв_№230_Щорічні_дані_про_режим_та_ресурси_вод_морів_і_морських.pdf,175
81801,с. Олександрівка,р. Південний Буг,discharge,m3/s,2023-06-24,11.4,,Інв_№230_Щорічні_дані_про_режим_та_ресурси_вод_морів_і_морських.pdf,175
81801,с. Олександрівка,р. Південний Буг,discharge,m3/s,2023-06-25,11.6,,Інв_№230_Щорічні_дані_про_режим_та_ресурси_вод_морів_і_морських.pdf,175
81801,с. Олександрівка,р. Південний Буг,discharge,m3/s,2023-06-26,11.5,,Інв_№230_Щорічні_дані_про_режим_та_ресурси_вод_морів_і_морських.pdf,175
81801,с. Олександрівка,р. Південний Буг,discharge,m3/s,2023-06-27,11.1,,Інв_№230_Щорічні_дані_про_режим_та_ресурси_вод_морів_і_морських.pdf,175
81801,с. Олександрівка,р. Південний Буг,discharge,m3/s,2023-06-28,11.4,,Інв_№230_Щорічні_дані_про_режим_та_ресурси_вод_морів_і_морських.pdf,175
81801,с. Олександрівка,р. Південний Буг,discharge,m3/s,2023-06-29,6.67,,Інв_№230_Щорічні_дані_про_режим_та_ресурси_вод_морів_і_морських.pdf,175
81801,с. Олександрівка,р. Південний Буг,discharge,m3/s,2023-06-30,5.52,,Інв_№230_Щорічні_дані_про_режим_та_ресурси_вод_морів_і_морських.pdf,175
81801,с. Олександрівка,р. Південний Буг,discharge,m3/s,2023-07-01,7.0,,Інв_№230_Щорічні_дані_про_режим_та_ресурси_вод_морів_і_морських.pdf,175
81801,с. Олександрівка,р. Південний Буг,discharge,m3/s,2023-07-02,7.0,,Інв_№230_Щорічні_дані_про_режим_та_ресурси_вод_морів_і_морських.pdf,175
81801,с. Олександрівка,р. Південний Буг,discharge,m3/s,2023-07-03,8.4,,Інв_№230_Щорічні_дані_про_режим_та_ресурси_вод_морів_і_морських.pdf,175
81801,с. Олександрівка,р. Південний Буг,discharge,m3/s,2023-07-04,11.3,,Інв_№230_Щорічні_дані_про_режим_та_ресурси_вод_морів_і_морських.pdf,175
81801,с. Олександрівка,р. Південний Буг,discharge,m3/s,2023-07-05,12.2,,Інв_№230_Щорічні_дані_про_режим_та_ресурси_вод_морів_і_морських.pdf,175
81801,с. Олександрівка,р. Південний Буг,discharge,m3/s,2023-07-06,11.6,,Інв_№230_Щорічні_дані_про_режим_та_ресурси_вод_морів_і_морських.pdf,175
81801,с. Олександрівка,р. Південний Буг,discharge,m3/s,2023-07-07,11.1,,Інв_№230_Щорічні_дані_про_режим_та_ресурси_вод_морів_і_морських.pdf,175
81801,с. Олександрівка,р. Південний Буг,discharge,m3/s,2023-07-08,9.01,,Інв_№230_Щорічні_дані_про_режим_та_ресурси_вод_морів_і_морських.pdf,175
81801,с. Олександрівка,р. Південний Буг,discharge,m3/s,2023-07-09,10.4,,Інв_№230_Щорічні_дані_про_режим_та_ресурси_вод_морів_і_морських.pdf,175
81801,с. Олександрівка,р. Південний Буг,discharge,m3/s,2023-07-10,10.6,,Інв_№230_Щорічні_дані_про_режим_та_ресурси_вод_морів_і_морських.pdf,175
81801,с. Олександрівка,р. Південний Буг,discharge,m3/s,2023-07-11,11.8,,Інв_№230_Щорічні_дані_про_режим_та_ресурси_вод_морів_і_морських.pdf,175
81801,с. Олександрівка,р. Південний Буг,discharge,m3/s,2023-07-12,11.2,,Інв_№230_Щорічні_дані_про_режим_та_ресурси_вод_морів_і_морських.pdf,175
81801,с. Олександрівка,р. Південний Буг,discharge,m3/s,2023-07-13,11.3,,Інв_№230_Щорічні_дані_про_режим_та_ресурси_вод_морів_і_морських.pdf,175
81801,с. Олександрівка,р. Південний Буг,discharge,m3/s,2023-07-14,11.9,,Інв_№230_Щорічні_дані_про_режим_та_ресурси_вод_морів_і_морських.pdf,175
81801,с. Олександрівка,р. Південний Буг,discharge,m3/s,2023-07-15,11.5,,Інв_№230_Щорічні_дані_про_режим_та_ресурси_вод_морів_і_морських.pdf,175
81801,с. Олександрівка,р. Південний Буг,discharge,m3/s,2023-07-16,11.7,,Інв_№230_Щорічні_дані_про_режим_та_ресурси_вод_морів_і_морських.pdf,175
81801,с. Олександрівка,р. Південний Буг,discharge,m3/s,2023-07-17,9.0,,Інв_№230_Щорічні_дані_про_режим_та_ресурси_вод_морів_і_морських.pdf,175
81801,с. Олександрівка,р. Південний Буг,discharge,m3/s,2023-07-18,8.88,,Інв_№230_Щорічні_дані_про_режим_та_ресурси_вод_морів_і_морських.pdf,175
81801,с. Олександрівка,р. Південний Буг,discharge,m3/s,2023-07-19,8.34,,Інв_№230_Щорічні_дані_про_режим_та_ресурси_вод_морів_і_морських.pdf,175
81801,с. Олександрівка,р. Південний Буг,discharge,m3/s,2023-07-20,7.46,,Інв_№230_Щорічні_дані_про_режим_та_ресурси_вод_морів_і_морських.pdf,175
81801,с. Олександрівка,р. Південний Буг,discharge,m3/s,2023-07-21,6.68,,Інв_№230_Щорічні_дані_про_режим_та_ресурси_вод_морів_і_морських.pdf,175
81801,с. Олександрівка,р. Південний Буг,discharge,m3/s,2023-07-22,6.36,,Інв_№230_Щорічні_дані_про_режим_та_ресурси_вод_морів_і_морських.pdf,175
81801,с. Олександрівка,р. Південний Буг,discharge,m3/s,2023-07-23,6.36,,Інв_№230_Щорічні_дані_про_режим_та_ресурси_вод_морів_і_морських.pdf,175
81801,с. Олександрівка,р. Південний Буг,discharge,m3/s,2023-07-24,6.36,,Інв_№230_Щорічні_дані_про_режим_та_ресурси_вод_морів_і_морських.pdf,175
81801,с. Олександрівка,р. Південний Буг,discharge,m3/s,2023-07-25,6.36,,Інв_№230_Щорічні_дані_про_режим_та_ресурси_вод_морів_і_морських.pdf,175
81801,с. Олександрівка,р. Південний Буг,discharge,m3/s,2023-07-26,7.46,,Інв_№230_Щорічні_дані_про_режим_та_ресурси_вод_морів_і_морських.pdf,175
81801,с. Олександрівка,р. Південний Буг,discharge,m3/s,2023-07-27,8.0,,Інв_№230_Щорічні_дані_про_режим_та_ресурси_вод_морів_і_морських.pdf,175
81801,с. Олександрівка,р. Південний Буг,discharge,m3/s,2023-07-28,6.36,,Інв_№230_Щорічні_дані_про_режим_та_ресурси_вод_морів_і_морських.pdf,175
81801,с. Олександрівка,р. Південний Буг,discharge,m3/s,2023-07-29,5.26,,Інв_№230_Щорічні_дані_про_режим_та_ресурси_вод_морів_і_морських.pdf,175
81801,с. Олександрівка,р. Південний Буг,discharge,m3/s,2023-07-30,5.58,,Інв_№230_Щорічні_дані_про_режим_та_ресурси_вод_морів_і_морських.pdf,175
81801,с. Олександрівка,р. Південний Буг,discharge,m3/s,2023-07-31,5.58,,Інв_№230_Щорічні_дані_про_режим_та_ресурси_вод_морів_і_морських.pdf,175
81801,с. Олександрівка,р. Південний Буг,discharge,m3/s,2023-08-01,6.68,,Інв_№230_Щорічні_дані_про_режим_та_ресурси_вод_морів_і_морських.pdf,175
81801,с. Олександрівка,р. Південний Буг,discharge,m3/s,2023-08-02,7.34,,Інв_№230_Щорічні_дані_про_режим_та_ресурси_вод_морів_і_морських.pdf,175
81801,с. Олександрівка,р. Південний Буг,discharge,m3/s,2023-08-03,7.46,,Інв_№230_Щорічні_дані_про_режим_та_ресурси_вод_морів_і_морських.pdf,175
81801,с. Олександрівка,р. Південний Буг,discharge,m3/s,2023-08-04,7.46,,Інв_№230_Щорічні_дані_про_режим_та_ресурси_вод_морів_і_морських.pdf,175
81801,с. Олександрівка,р. Південний Буг,discharge,m3/s,2023-08-05,7.46,,Інв_№230_Щорічні_дані_про_режим_та_ресурси_вод_морів_і_морських.pdf,175
81801,с. Олександрівка,р. Південний Буг,discharge,m3/s,2023-08-06,7.46,,Інв_№230_Щорічні_дані_про_режим_та_ресурси_вод_морів_і_морських.pdf,175
81801,с. Олександрівка,р. Південний Буг,discharge,m3/s,2023-08-07,7.46,,Інв_№230_Щорічні_дані_про_режим_та_ресурси_вод_морів_і_морських.pdf,175
81801,с. Олександрівка,р. Південний Буг,discharge,m3/s,2023-08-08,8.58,,Інв_№230_Щорічні_дані_про_режим_та_ресурси_вод_морів_і_морських.pdf,175
81801,с. Олександрівка,р. Південний Буг,discharge,m3/s,2023-08-09,14.8,,Інв_№230_Щорічні_дані_про_режим_та_ресурси_вод_морів_і_морських.pdf,175
81801,с. Олександрівка,р. Південний Буг,discharge,m3/s,2023-08-10,14.8,,Інв_№230_Щорічні_дані_про_режим_та_ресурси_вод_морів_і_морських.pdf,175
81801,с. Олександрівка,р. Південний Буг,discharge,m3/s,2023-08-11,13.8,,Інв_№230_Щорічні_дані_про_режим_та_ресурси_вод_морів_і_морських.pdf,175
81801,с. Олександрівка,р. Південний Буг,discharge,m3/s,2023-08-12,12.5,,Інв_№230_Щорічні_дані_про_режим_та_ресурси_вод_морів_і_морських.pdf,175
81801,с. Олександрівка,р. Південний Буг,discharge,m3/s,2023-08-13,12.0,,Інв_№230_Щорічні_дані_про_режим_та_ресурси_вод_морів_і_морських.pdf,175
81801,с. Олександрівка,р. Південний Буг,discharge,m3/s,2023-08-14,9.32,,Інв_№230_Щорічні_дані_про_режим_та_ресурси_вод_морів_і_морських.pdf,175
81801,с. Олександрівка,р. Південний Буг,discharge,m3/s,2023-08-15,6.68,,Інв_№230_Щорічні_дані_про_режим_та_ресурси_вод_морів_і_морських.pdf,175
81801,с. Олександрівка,р. Південний Буг,discharge,m3/s,2023-08-16,6.36,,Інв_№230_Щорічні_дані_про_режим_та_ресурси_вод_морів_і_морських.pdf,175
81801,с. Олександрівка,р. Південний Буг,discharge,m3/s,2023-08-17,6.36,,Інв_№230_Щорічні_дані_про_режим_та_ресурси_вод_морів_і_морських.pdf,175
81801,с. Олександрівка,р. Південний Буг,discharge,m3/s,2023-08-18,6.36,,Інв_№230_Щорічні_дані_про_режим_та_ресурси_вод_морів_і_морських.pdf,175
81801,с. Олександрівка,р. Південний Буг,discharge,m3/s,2023-08-19,6.36,,Інв_№230_Щорічні_дані_про_режим_та_ресурси_вод_морів_і_морських.pdf,175
81801,с. Олександрівка,р. Південний Буг,discharge,m3/s,2023-08-20,6.36,,Інв_№230_Щорічні_дані_про_режим_та_ресурси_вод_морів_і_морських.pdf,175
81801,с. Олександрівка,р. Південний Буг,discharge,m3/s,2023-08-21,6.14,,Інв_№230_Щорічні_дані_про_режим_та_ресурси_вод_морів_і_морських.pdf,175
81801,с. Олександрівка,р. Південний Буг,discharge,m3/s,2023-08-22,5.7,,Інв_№230_Щорічні_дані_про_режим_та_ресурси_вод_морів_і_морських.pdf,175
81801,с. Олександрівка,р. Південний Буг,discharge,m3/s,2023-08-23,5.7,,Інв_№230_Щорічні_дані_про_режим_та_ресурси_вод_морів_і_морських.pdf,175
81801,с. Олександрівка,р. Південний Буг,discharge,m3/s,2023-08-24,5.8,,Інв_№230_Щорічні_дані_про_режим_та_ресурси_вод_морів_і_морських.pdf,175
81801,с. Олександрівка,р. Південний Буг,discharge,m3/s,2023-08-25,5.7,,Інв_№230_Щорічні_дані_про_режим_та_ресурси_вод_морів_і_морських.pdf,175
81801,с. Олександрівка,р. Південний Буг,discharge,m3/s,2023-08-26,5.7,,Інв_№230_Щорічні_дані_про_режим_та_ресурси_вод_морів_і_морських.pdf,175
81801,с. Олександрівка,р. Південний Буг,discharge,m3/s,2023-08-27,5.92,,Інв_№230_Щорічні_дані_про_режим_та_ресурси_вод_морів_і_морських.pdf,175
81801,с. Олександрівка,р. Південний Буг,discharge,m3/s,2023-08-28,5.48,,Інв_№230_Щорічні_дані_про_режим_та_ресурси_вод_морів_і_морських.pdf,175
81801,с. Олександрівка,р. Південний Буг,discharge,m3/s,2023-08-29,5.48,,Інв_№230_Щорічні_дані_про_режим_та_ресурси_вод_морів_і_морських.pdf,175
81801,с. Олександрівка,р. Південний Буг,discharge,m3/s,2023-08-30,5.48,,Інв_№230_Щорічні_дані_про_режим_та_ресурси_вод_морів_і_морських.pdf,175
81801,с. Олександрівка,р. Південний Буг,discharge,m3/s,2023-08-31,5.48,,Інв_№230_Щорічні_дані_про_режим_та_ресурси_вод_морів_і_морських.pdf,175
81801,с. Олександрівка,р. Південний Буг,discharge,m3/s,2023-09-01,5.92,,Інв_№230_Щорічні_дані_про_режим_та_ресурси_вод_морів_і_морських.pdf,175
81801,с. Олександрівка,р. Південний Буг,discharge,m3/s,2023-09-02,5.7,,Інв_№230_Щорічні_дані_про_режим_та_ресурси_вод_морів_і_морських.pdf,175
81801,с. Олександрівка,р. Південний Буг,discharge,m3/s,2023-09-03,4.82,,Інв_№230_Щорічні_дані_про_режим_та_ресурси_вод_морів_і_морських.pdf,175
81801,с. Олександрівка,р. Південний Буг,discharge,m3/s,2023-09-04,4.82,,Інв_№230_Щорічні_дані_про_режим_та_ресурси_вод_морів_і_морських.pdf,175
81801,с. Олександрівка,р. Південний Буг,discharge,m3/s,2023-09-05,6.14,,Інв_№230_Щорічні_дані_про_режим_та_ресурси_вод_морів_і_морських.pdf,175
81801,с. Олександрівка,р. Південний Буг,discharge,m3/s,2023-09-06,6.02,,Інв_№230_Щорічні_дані_про_режим_та_ресурси_вод_морів_і_морських.pdf,175
81801,с. Олександрівка,р. Південний Буг,discharge,m3/s,2023-09-07,6.02,,Інв_№230_Щорічні_дані_про_режим_та_ресурси_вод_морів_і_морських.pdf,175
81801,с. Олександрівка,р. Південний Буг,discharge,m3/s,2023-09-08,6.32,,Інв_№230_Щорічні_дані_про_режим_та_ресурси_вод_морів_і_морських.pdf,175
81801,с. Олександрівка,р. Південний Буг,discharge,m3/s,2023-09-09,6.22,,Інв_№230_Щорічні_дані_про_режим_та_ресурси_вод_морів_і_морських.pdf,175
81801,с. Олександрівка,р. Південний Буг,discharge,m3/s,2023-09-10,6.09,,Інв_№230_Щорічні_дані_про_режим_та_ресурси_вод_морів_і_морських.pdf,175
81801,с. Олександрівка,р. Південний Буг,discharge,m3/s,2023-09-11,5.63,,Інв_№230_Щорічні_дані_про_режим_та_ресурси_вод_морів_і_морських.pdf,175
81801,с. Олександрівка,р. Південний Буг,discharge,m3/s,2023-09-12,5.06,,Інв_№230_Щорічні_дані_про_режим_та_ресурси_вод_морів_і_морських.pdf,175
81801,с. Олександрівка,р. Південний Буг,discharge,m3/s,2023-09-13,6.75,,Інв_№230_Щорічні_дані_про_режим_та_ресурси_вод_морів_і_морських.pdf,175
81801,с. Олександрівка,р. Південний Буг,discharge,m3/s,2023-09-14,7.0,,Інв_№230_Щорічні_дані_про_режим_та_ресурси_вод_морів_і_морських.pdf,175
81801,с. Олександрівка,р. Південний Буг,discharge,m3/s,2023-09-15,7.06,,Інв_№230_Щорічні_дані_про_режим_та_ресурси_вод_морів_і_морських.pdf,175
81801,с. Олександрівка,р. Південний Буг,discharge,m3/s,2023-09-16,6.3,,Інв_№230_Щорічні_дані_про_режим_та_ресурси_вод_морів_і_морських.pdf,175
81801,с. Олександрівка,р. Південний Буг,discharge,m3/s,2023-09-17,6.42,,Інв_№230_Щорічні_дані_про_режим_та_ресурси_вод_морів_і_морських.pdf,175
81801,с. Олександрівка,р. Південний Буг,discharge,m3/s,2023-09-18,7.1,,Інв_№230_Щорічні_дані_про_режим_та_ресурси_вод_морів_і_морських.pdf,175
81801,с. Олександрівка,р. Південний Буг,discharge,m3/s,2023-09-19,7.1,,Інв_№230_Щорічні_дані_про_режим_та_ресурси_вод_морів_і_морських.pdf,175
81801,с. Олександрівка,р. Південний Буг,discharge,m3/s,2023-09-20,7.1,,Інв_№230_Щорічні_дані_про_режим_та_ресурси_вод_морів_і_морських.pdf,175
81801,с. Олександрівка,р. Південний Буг,discharge,m3/s,2023-09-21,7.25,,Інв_№230_Щорічні_дані_про_режим_та_ресурси_вод_морів_і_морських.pdf,175
81801,с. Олександрівка,р. Південний Буг,discharge,m3/s,2023-09-22,6.98,,Інв_№230_Щорічні_дані_про_режим_та_ресурси_вод_морів_і_морських.pdf,175
81801,с. Олександрівка,р. Південний Буг,discharge,m3/s,2023-09-23,6.97,,Інв_№230_Щорічні_дані_про_режим_та_ресурси_вод_морів_і_морських.pdf,175
81801,с. Олександрівка,р. Південний Буг,discharge,m3/s,2023-09-24,7.25,,Інв_№230_Щорічні_дані_про_режим_та_ресурси_вод_морів_і_морських.pdf,175
81801,с. Олександрівка,р. Південний Буг,discharge,m3/s,2023-09-25,6.8,,Інв_№230_Щорічні_дані_про_режим_та_ресурси_вод_морів_і_морських.pdf,175
81801,с. Олександрівка,р. Південний Буг,discharge,m3/s,2023-09-26,6.8,,Інв_№230_Щорічні_дані_про_режим_та_ресурси_вод_морів_і_морських.pdf,175
81801,с. Олександрівка,р. Південний Буг,discharge,m3/s,2023-09-27,6.89,,Інв_№230_Щорічні_дані_про_режим_та_ресурси_вод_морів_і_морських.pdf,175
81801,с. Олександрівка,р. Південний Буг,discharge,m3/s,2023-09-28,7.06,,Інв_№230_Щорічні_дані_про_режим_та_ресурси_вод_морів_і_морських.pdf,175
81801,с. Олександрівка,р. Південний Буг,discharge,m3/s,2023-09-29,6.99,,Інв_№230_Щорічні_дані_про_режим_та_ресурси_вод_морів_і_морських.pdf,175
81801,с. Олександрівка,р. Південний Буг,discharge,m3/s,2023-09-30,6.67,,Інв_№230_Щорічні_дані_про_режим_та_ресурси_вод_морів_і_морських.pdf,175
81801,с. Олександрівка,р. Південний Буг,discharge,m3/s,2023-10-01,8.37,,Інв_№230_Щорічні_дані_про_режим_та_ресурси_вод_морів_і_морських.pdf,175
81801,с. Олександрівка,р. Південний Буг,discharge,m3/s,2023-10-02,6.9,,Інв_№230_Щорічні_дані_про_режим_та_ресурси_вод_морів_і_морських.pdf,175
81801,с. Олександрівка,р. Південний Буг,discharge,m3/s,2023-10-03,7.63,,Інв_№230_Щорічні_дані_про_режим_та_ресурси_вод_морів_і_морських.pdf,175
81801,с. Олександрівка,р. Південний Буг,discharge,m3/s,2023-10-04,7.13,,Інв_№230_Щорічні_дані_про_режим_та_ресурси_вод_морів_і_морських.pdf,175
81801,с. Олександрівка,р. Південний Буг,discharge,m3/s,2023-10-05,7.17,,Інв_№230_Щорічні_дані_про_режим_та_ресурси_вод_морів_і_морських.pdf,175
81801,с. Олександрівка,р. Південний Буг,discharge,m3/s,2023-10-06,6.86,,Інв_№230_Щорічні_дані_про_режим_та_ресурси_вод_морів_і_морських.pdf,175
81801,с. Олександрівка,р. Південний Буг,discharge,m3/s,2023-10-07,6.7,,Інв_№230_Щорічні_дані_про_режим_та_ресурси_вод_морів_і_морських.pdf,175
81801,с. Олександрівка,р. Південний Буг,discharge,m3/s,2023-10-08,8.05,,Інв_№230_Щорічні_дані_про_режим_та_ресурси_вод_морів_і_морських.pdf,175
81801,с. Олександрівка,р. Південний Буг,discharge,m3/s,2023-10-09,8.06,,Інв_№230_Щорічні_дані_про_режим_та_ресурси_вод_морів_і_морських.pdf,175
81801,с. Олександрівка,р. Південний Буг,discharge,m3/s,2023-10-10,8.29,,Інв_№230_Щорічні_дані_про_режим_та_ресурси_вод_морів_і_морських.pdf,175
81801,с. Олександрівка,р. Південний Буг,discharge,m3/s,2023-10-11,8.29,,Інв_№230_Щорічні_дані_про_режим_та_ресурси_вод_морів_і_морських.pdf,175
81801,с. Олександрівка,р. Південний Буг,discharge,m3/s,2023-10-12,7.9,,Інв_№230_Щорічні_дані_про_режим_та_ресурси_вод_морів_і_морських.pdf,175
81801,с. Олександрівка,р. Південний Буг,discharge,m3/s,2023-10-13,7.68,,Інв_№230_Щорічні_дані_про_режим_та_ресурси_вод_морів_і_морських.pdf,175
81801,с. Олександрівка,р. Південний Буг,discharge,m3/s,2023-10-14,7.4,,Інв_№230_Щорічні_дані_про_режим_та_ресурси_вод_морів_і_морських.pdf,175
81801,с. Олександрівка,р. Південний Буг,discharge,m3/s,2023-10-15,7.59,,Інв_№230_Щорічні_дані_про_режим_та_ресурси_вод_морів_і_морських.pdf,175
81801,с. Олександрівка,р. Південний Буг,discharge,m3/s,2023-10-16,7.38,,Інв_№230_Щорічні_дані_про_режим_та_ресурси_вод_морів_і_морських.pdf,175
81801,с. Олександрівка,р. Південний Буг,discharge,m3/s,2023-10-17,7.35,,Інв_№230_Щорічні_дані_про_режим_та_ресурси_вод_морів_і_морських.pdf,175
81801,с. Олександрівка,р. Південний Буг,discharge,m3/s,2023-10-18,7.53,,Інв_№230_Щорічні_дані_про_режим_та_ресурси_вод_морів_і_морських.pdf,175
81801,с. Олександрівка,р. Південний Буг,discharge,m3/s,2023-10-19,8.14,,Інв_№230_Щорічні_дані_про_режим_та_ресурси_вод_морів_і_морських.pdf,175
81801,с. Олександрівка,р. Південний Буг,discharge,m3/s,2023-10-20,15.3,,Інв_№230_Щорічні_дані_про_режим_та_ресурси_вод_морів_і_морських.pdf,175
81801,с. Олександрівка,р. Південний Буг,discharge,m3/s,2023-10-21,10.3,,Інв_№230_Щорічні_дані_про_режим_та_ресурси_вод_морів_і_морських.pdf,175
81801,с. Олександрівка,р. Південний Буг,discharge,m3/s,2023-10-22,8.7,,Інв_№230_Щорічні_дані_про_режим_та_ресурси_вод_морів_і_морських.pdf,175
81801,с. Олександрівка,р. Південний Буг,discharge,m3/s,2023-10-23,9.18,,Інв_№230_Щорічні_дані_про_режим_та_ресурси_вод_морів_і_морських.pdf,175
81801,с. Олександрівка,р. Південний Буг,discharge,m3/s,2023-10-24,9.52,,Інв_№230_Щорічні_дані_про_режим_та_ресурси_вод_морів_і_морських.pdf,175
81801,с. Олександрівка,р. Південний Буг,discharge,m3/s,2023-10-25,19.7,,Інв_№230_Щорічні_дані_про_режим_та_ресурси_вод_морів_і_морських.pdf,175
81801,с. Олександрівка,р. Південний Буг,discharge,m3/s,2023-10-26,33.1,,Інв_№230_Щорічні_дані_про_режим_та_ресурси_вод_морів_і_морських.pdf,175
81801,с. Олександрівка,р. Південний Буг,discharge,m3/s,2023-10-27,27.2,,Інв_№230_Щорічні_дані_про_режим_та_ресурси_вод_морів_і_морських.pdf,175
81801,с. Олександрівка,р. Південний Буг,discharge,m3/s,2023-10-28,24.8,,Інв_№230_Щорічні_дані_про_режим_та_ресурси_вод_морів_і_морських.pdf,175
81801,с. Олександрівка,р. Південний Буг,discharge,m3/s,2023-10-29,24.2,,Інв_№230_Щорічні_дані_про_режим_та_ресурси_вод_морів_і_морських.pdf,175
81801,с. Олександрівка,р. Південний Буг,discharge,m3/s,2023-10-30,16.5,,Інв_№230_Щорічні_дані_про_режим_та_ресурси_вод_морів_і_морських.pdf,175
81801,с. Олександрівка,р. Південний Буг,discharge,m3/s,2023-10-31,16.2,,Інв_№230_Щорічні_дані_про_режим_та_ресурси_вод_морів_і_морських.pdf,175
81801,с. Олександрівка,р. Південний Буг,discharge,m3/s,2023-11-01,17.2,,Інв_№230_Щорічні_дані_про_режим_та_ресурси_вод_морів_і_морських.pdf,175
81801,с. Олександрівка,р. Південний Буг,discharge,m3/s,2023-11-02,12.3,,Інв_№230_Щорічні_дані_про_режим_та_ресурси_вод_морів_і_морських.pdf,175
81801,с. Олександрівка,р. Південний Буг,discharge,m3/s,2023-11-03,11.4,,Інв_№230_Щорічні_дані_про_режим_та_ресурси_вод_морів_і_морських.pdf,175
81801,с. Олександрівка,р. Південний Буг,discharge,m3/s,2023-11-04,13.2,,Інв_№230_Щорічні_дані_про_режим_та_ресурси_вод_морів_і_морських.pdf,175
81801,с. Олександрівка,р. Південний Буг,discharge,m3/s,2023-11-05,18.1,,Інв_№230_Щорічні_дані_про_режим_та_ресурси_вод_морів_і_морських.pdf,175
81801,с. Олександрівка,р. Південний Буг,discharge,m3/s,2023-11-06,18.4,,Інв_№230_Щорічні_дані_про_режим_та_ресурси_вод_морів_і_морських.pdf,175
81801,с. Олександрівка,р. Південний Буг,discharge,m3/s,2023-11-07,18.8,,Інв_№230_Щорічні_дані_про_режим_та_ресурси_вод_морів_і_морських.pdf,175
81801,с. Олександрівка,р. Південний Буг,discharge,m3/s,2023-11-08,19.1,,Інв_№230_Щорічні_дані_про_режим_та_ресурси_вод_морів_і_морських.pdf,175
81801,с. Олександрівка,р. Південний Буг,discharge,m3/s,2023-11-09,19.4,,Інв_№230_Щорічні_дані_про_режим_та_ресурси_вод_морів_і_морських.pdf,175
81801,с. Олександрівка,р. Південний Буг,discharge,m3/s,2023-11-10,12.9,,Інв_№230_Щорічні_дані_про_режим_та_ресурси_вод_морів_і_морських.pdf,175
81801,с. Олександрівка,р. Південний Буг,discharge,m3/s,2023-11-11,19.3,,Інв_№230_Щорічні_дані_про_режим_та_ресурси_вод_морів_і_морських.pdf,175
81801,с. Олександрівка,р. Південний Буг,discharge,m3/s,2023-11-12,23.9,,Інв_№230_Щорічні_дані_про_режим_та_ресурси_вод_морів_і_морських.pdf,175
81801,с. Олександрівка,р. Південний Буг,discharge,m3/s,2023-11-13,25.6,,Інв_№230_Щорічні_дані_про_режим_та_ресурси_вод_морів_і_морських.pdf,175
81801,с. Олександрівка,р. Південний Буг,discharge,m3/s,2023-11-14,11.7,,Інв_№230_Щорічні_дані_про_режим_та_ресурси_вод_морів_і_морських.pdf,175
81801,с. Олександрівка,р. Південний Буг,discharge,m3/s,2023-11-15,28.6,,Інв_№230_Щорічні_дані_про_режим_та_ресурси_вод_морів_і_морських.pdf,175
81801,с. Олександрівка,р. Південний Буг,discharge,m3/s,2023-11-16,15.5,,Інв_№230_Щорічні_дані_про_режим_та_ресурси_вод_морів_і_морських.pdf,175
81801,с. Олександрівка,р. Південний Буг,discharge,m3/s,2023-11-17,12.4,,Інв_№230_Щорічні_дані_про_режим_та_ресурси_вод_морів_і_морських.pdf,175
81801,с. Олександрівка,р. Південний Буг,discharge,m3/s,2023-11-18,12.6,,Інв_№230_Щорічні_дані_про_режим_та_ресурси_вод_морів_і_морських.pdf,175
81801,с. Олександрівка,р. Південний Буг,discharge,m3/s,2023-11-19,11.2,,Інв_№230_Щорічні_дані_про_режим_та_ресурси_вод_морів_і_морських.pdf,175
81801,с. Олександрівка,р. Південний Буг,discharge,m3/s,2023-11-20,11.4,,Інв_№230_Щорічні_дані_про_режим_та_ресурси_вод_морів_і_морських.pdf,175
81801,с. Олександрівка,р. Південний Буг,discharge,m3/s,2023-11-21,15.9,,Інв_№230_Щорічні_дані_про_режим_та_ресурси_вод_морів_і_морських.pdf,175
81801,с. Олександрівка,р. Південний Буг,discharge,m3/s,2023-11-22,22.6,,Інв_№230_Щорічні_дані_про_режим_та_ресурси_вод_морів_і_морських.pdf,175
81801,с. Олександрівка,р. Південний Буг,discharge,m3/s,2023-11-23,20.7,,Інв_№230_Щорічні_дані_про_режим_та_ресурси_вод_морів_і_морських.pdf,175
81801,с. Олександрівка,р. Південний Буг,discharge,m3/s,2023-11-24,31.9,,Інв_№230_Щорічні_дані_про_режим_та_ресурси_вод_морів_і_морських.pdf,175
81801,с. Олександрівка,р. Південний Буг,discharge,m3/s,2023-11-25,20.3,,Інв_№230_Щорічні_дані_про_режим_та_ресурси_вод_морів_і_морських.pdf,175
81801,с. Олександрівка,р. Південний Буг,discharge,m3/s,2023-11-26,14.6,,Інв_№230_Щорічні_дані_про_режим_та_ресурси_вод_морів_і_морських.pdf,175
81801,с. Олександрівка,р. Південний Буг,discharge,m3/s,2023-11-27,14.6,,Інв_№230_Щорічні_дані_про_режим_та_ресурси_вод_морів_і_морських.pdf,175
81801,с. Олександрівка,р. Південний Буг,discharge,m3/s,2023-11-28,19.5,,Інв_№230_Щорічні_дані_про_режим_та_ресурси_вод_морів_і_морських.pdf,175
81801,с. Олександрівка,р. Південний Буг,discharge,m3/s,2023-11-29,31.9,,Інв_№230_Щорічні_дані_про_режим_та_ресурси_вод_морів_і_морських.pdf,175
81801,с. Олександрівка,р. Південний Буг,discharge,m3/s,2023-11-30,18.4,,Інв_№230_Щорічні_дані_про_режим_та_ресурси_вод_морів_і_морських.pdf,175
81801,с. Олександрівка,р. Південний Буг,discharge,m3/s,2023-12-01,30.0,,Інв_№230_Щорічні_дані_про_режим_та_ресурси_вод_морів_і_морських.pdf,175
81801,с. Олександрівка,р. Південний Буг,discharge,m3/s,2023-12-02,31.9,,Інв_№230_Щорічні_дані_про_режим_та_ресурси_вод_морів_і_морських.pdf,175
81801,с. Олександрівка,р. Південний Буг,discharge,m3/s,2023-12-03,21.8,,Інв_№230_Щорічні_дані_про_режим_та_ресурси_вод_морів_і_морських.pdf,175
81801,с. Олександрівка,р. Південний Буг,discharge,m3/s,2023-12-04,21.8,,Інв_№230_Щорічні_дані_про_режим_та_ресурси_вод_морів_і_морських.pdf,175
81801,с. Олександрівка,р. Південний Буг,discharge,m3/s,2023-12-05,18.8,,Інв_№230_Щорічні_дані_про_режим_та_ресурси_вод_морів_і_морських.pdf,175
81801,с. Олександрівка,р. Південний Буг,discharge,m3/s,2023-12-06,26.9,,Інв_№230_Щорічні_дані_про_режим_та_ресурси_вод_морів_і_морських.pdf,175
81801,с. Олександрівка,р. Південний Буг,discharge,m3/s,2023-12-07,23.4,,Інв_№230_Щорічні_дані_про_режим_та_ресурси_вод_морів_і_морських.pdf,175
81801,с. Олександрівка,р. Південний Буг,discharge,m3/s,2023-12-08,14.2,,Інв_№230_Щорічні_дані_про_режим_та_ресурси_вод_морів_і_морських.pdf,175
81801,с. Олександрівка,р. Південний Буг,discharge,m3/s,2023-12-09,17.6,,Інв_№230_Щорічні_дані_про_режим_та_ресурси_вод_морів_і_морських.pdf,175
81801,с. Олександрівка,р. Південний Буг,discharge,m3/s,2023-12-10,25.3,,Інв_№230_Щорічні_дані_про_режим_та_ресурси_вод_морів_і_морських.pdf,175
81801,с. Олександрівка,р. Південний Буг,discharge,m3/s,2023-12-11,30.0,,Інв_№230_Щорічні_дані_про_режим_та_ресурси_вод_морів_і_морських.pdf,175
81801,с. Олександрівка,р. Південний Буг,discharge,m3/s,2023-12-12,28.8,,Інв_№230_Щорічні_дані_про_режим_та_ресурси_вод_морів_і_морських.pdf,175
81801,с. Олександрівка,р. Південний Буг,discharge,m3/s,2023-12-13,28.0,,Інв_№230_Щорічні_дані_про_режим_та_ресурси_вод_морів_і_морських.pdf,175
81801,с. Олександрівка,р. Південний Буг,discharge,m3/s,2023-12-14,37.8,,Інв_№230_Щорічні_дані_про_режим_та_ресурси_вод_морів_і_морських.pdf,175
81801,с. Олександрівка,р. Південний Буг,discharge,m3/s,2023-12-15,19.8,,Інв_№230_Щорічні_дані_про_режим_та_ресурси_вод_морів_і_морських.pdf,175
81801,с. Олександрівка,р. Південний Буг,discharge,m3/s,2023-12-16,20.6,,Інв_№230_Щорічні_дані_про_режим_та_ресурси_вод_морів_і_морських.pdf,175
81801,с. Олександрівка,р. Південний Буг,discharge,m3/s,2023-12-17,20.6,,Інв_№230_Щорічні_дані_про_режим_та_ресурси_вод_морів_і_морських.pdf,175
81801,с. Олександрівка,р. Південний Буг,discharge,m3/s,2023-12-18,30.0,,Інв_№230_Щорічні_дані_про_режим_та_ресурси_вод_морів_і_морських.pdf,175
81801,с. Олександрівка,р. Південний Буг,discharge,m3/s,2023-12-19,30.0,,Інв_№230_Щорічні_дані_про_режим_та_ресурси_вод_морів_і_морських.pdf,175
81801,с. Олександрівка,р. Південний Буг,discharge,m3/s,2023-12-20,30.4,,Інв_№230_Щорічні_дані_про_режим_та_ресурси_вод_морів_і_морських.pdf,175
81801,с. Олександрівка,р. Південний Буг,discharge,m3/s,2023-12-21,28.0,,Інв_№230_Щорічні_дані_про_режим_та_ресурси_вод_морів_і_морських.pdf,175
81801,с. Олександрівка,р. Південний Буг,discharge,m3/s,2023-12-22,33.6,,Інв_№230_Щорічні_дані_про_режим_та_ресурси_вод_морів_і_морських.pdf,175
81801,с. Олександрівка,р. Південний Буг,discharge,m3/s,2023-12-23,28.4,,Інв_№230_Щорічні_дані_про_режим_та_ресурси_вод_морів_і_морських.pdf,175
81801,с. Олександрівка,р. Південний Буг,discharge,m3/s,2023-12-24,24.1,,Інв_№230_Щорічні_дані_про_режим_та_ресурси_вод_морів_і_морських.pdf,175
81801,с. Олександрівка,р. Південний Буг,discharge,m3/s,2023-12-25,27.6,,Інв_№230_Щорічні_дані_про_режим_та_ресурси_вод_морів_і_морських.pdf,175
81801,с. Олександрівка,р. Південний Буг,discharge,m3/s,2023-12-26,26.5,,Інв_№230_Щорічні_дані_про_режим_та_ресурси_вод_морів_і_морських.pdf,175
81801,с. Олександрівка,р. Південний Буг,discharge,m3/s,2023-12-27,27.6,,Інв_№230_Щорічні_дані_про_режим_та_ресурси_вод_морів_і_морських.pdf,175
81801,с. Олександрівка,р. Південний Буг,discharge,m3/s,2023-12-28,20.6,,Інв_№230_Щорічні_дані_про_режим_та_ресурси_вод_морів_і_морських.pdf,175
81801,с. Олександрівка,р. Південний Буг,discharge,m3/s,2023-12-29,29.6,,Інв_№230_Щорічні_дані_про_режим_та_ресурси_вод_морів_і_морських.pdf,175
81801,с. Олександрівка,р. Південний Буг,discharge,m3/s,2023-12-30,19.8,,Інв_№230_Щорічні_дані_про_режим_та_ресурси_вод_морів_і_морських.pdf,175
81801,с. Олександрівка,р. Південний Буг,discharge,m3/s,2023-12-31,22.2,,Інв_№230_Щорічні_дані_про_режим_та_ресурси_вод_морів_і_морських.pdf,175
