post_id,table,kind,level_cm,flag,date,critical_high_cm,critical_low_cm,rel_to_critical_cm,duration_h,source_file,page,note
98027,2.1.3 ч.1,відгін,435.0,,6.02,540.0,440.0,5.0,5.0,Інв_№230_Щорічні_дані_про_режим_та_ресурси_вод_морів_і_морських.pdf,172,
98027,2.1.3 ч.1,нагін,540.0,,25.07,540.0,440.0,0.0,3.0,Інв_№230_Щорічні_дані_про_режим_та_ресурси_вод_морів_і_морських.pdf,172,
98027,2.1.3 ч.1,нагін,547.0,,26.07,540.0,440.0,7.0,7.0,Інв_№230_Щорічні_дані_про_режим_та_ресурси_вод_морів_і_морських.pdf,172,
98027,2.1.3 ч.1,нагін,550.0,,12.11,540.0,440.0,10.0,6.0,Інв_№230_Щорічні_дані_про_режим_та_ресурси_вод_морів_і_морських.pdf,172,
98027,2.1.3 ч.1,відгін,378.0,,18-19.11,540.0,440.0,62.0,30.0,Інв_№230_Щорічні_дані_про_режим_та_ресурси_вод_морів_і_морських.pdf,172,
98027,2.1.3 ч.1,відгін,430.0,,25-26.11,540.0,440.0,10.0,11.0,Інв_№230_Щорічні_дані_про_режим_та_ресурси_вод_морів_і_морських.pdf,172,
98027,2.1.3 ч.1,відгін,427.0,,26-27.11,540.0,440.0,13.0,4.0,Інв_№230_Щорічні_дані_про_режим_та_ресурси_вод_морів_і_морських.pdf,172,
98027,2.1.3 ч.1,нагін,580.0,,28-29.11,540.0,440.0,40.0,17.0,Інв_№230_Щорічні_дані_про_режим_та_ресурси_вод_морів_і_морських.pdf,172,
98027,2.1.3 ч.1,нагін,552.0,,1.12,540.0,440.0,12.0,8.0,Інв_№230_Щорічні_дані_про_режим_та_ресурси_вод_морів_і_морських.pdf,172,
98027,2.1.3 ч.1,нагін,551.0,,14.12,540.0,440.0,11.0,7.0,Інв_№230_Щорічні_дані_про_режим_та_ресурси_вод_морів_і_морських.pdf,172,
98025,2.1.3 ч.1,відгін,414.0,,19.11,540.0,440.0,26.0,12.0,Інв_№230_Щорічні_дані_про_режим_та_ресурси_вод_морів_і_морських.pdf,172,
98025,2.1.3 ч.1,нагін,546.0,,29.11,540.0,440.0,6.0,1.0,Інв_№230_Щорічні_дані_про_режим_та_ресурси_вод_морів_і_морських.pdf,172,
98025,2.1.3 ч.1,нагін,540.0,,1.12,540.0,440.0,0.0,3.0,Інв_№230_Щорічні_дані_про_режим_та_ресурси_вод_морів_і_морських.pdf,172,
98025,2.1.3 ч.1,нагін,541.0,,14.12,540.0,440.0,1.0,3.0,Інв_№230_Щорічні_дані_про_режим_та_ресурси_вод_морів_і_морських.pdf,172,
98022,2.1.3 ч.1,нагін,525.0,,1.12,520.0,417.0,5.0,7.0,Інв_№230_Щорічні_дані_про_режим_та_ресурси_вод_морів_і_морських.pdf,172,
98027,2.1.3 ч.2,техногенне підвищення (підрив греблі),602.0,,6-12.06,540.0,440.0,62.0,141.0,Інв_№230_Щорічні_дані_про_режим_та_ресурси_вод_морів_і_морських.pdf,173,
80805,2.1.3 ч.2,техногенне підвищення (підрив греблі),1068.0,,6-16.06,650.0,430.0,418.0,252.0,Інв_№230_Щорічні_дані_про_режим_та_ресурси_вод_морів_і_морських.pdf,173,
80807,2.1.3 ч.2,техногенне підвищення (підрив греблі),645.0,,6-7.06?,545.0,420.0,100.0,,Інв_№230_Щорічні_дані_про_режим_та_ресурси_вод_морів_і_морських.pdf,173,
80807,2.1.3 ч.2,техногенне підвищення (підрив греблі),546.0,,15.06,545.0,420.0,1.0,2.0,Інв_№230_Щорічні_дані_про_режим_та_ресурси_вод_морів_і_морських.pdf,173,
98032,2.1.3 ч.2,text,,,,,,,,Інв_№230_Щорічні_дані_про_режим_та_ресурси_вод_морів_і_морських.pdf,173,Тривалість стояння небезпечного рівня невідома.
98025,2.1.3 ч.2,техногенне підвищення (підрив греблі),599.0,,7-12.06,540.0,440.0,59.0,121.0,Інв_№230_Щорічні_дані_про_режим_та_ресурси_вод_морів_і_морських.pdf,173,
98022,2.1.3 ч.2,техногенне підвищення (підрив греблі),573.0,,6-15.06,520.0,417.0,53.0,203.0,Інв_№230_Щорічні_дані_про_режим_та_ресурси_вод_морів_і_морських.pdf,173,
98022,1.1.3,нагін,,,6.06,520.0,417.0,53.0,196.0,Інв_№229_Щорічні_дані_про_режим_та_ресурси_вод_морів_і_морських.pdf,40,
98022,1.1.3,нагін,,,14.06,520.0,417.0,6.0,12.0,Інв_№229_Щорічні_дані_про_режим_та_ресурси_вод_морів_і_морських.pdf,40,
98022,1.1.3,нагін,,,14.06,520.0,417.0,1.0,2.0,Інв_№229_Щорічні_дані_про_режим_та_ресурси_вод_морів_і_морських.pdf,40,
98022,1.1.3,нагін,,,15.06,520.0,417.0,1.0,3.0,Інв_№229_Щорічні_дані_про_режим_та_ресурси_вод_морів_і_морських.pdf,40,
98022,1.1.3,нагін,,,1.12,520.0,417.0,0.0,2.0,Інв_№229_Щорічні_дані_про_режим_та_ресурси_вод_морів_і_морських.pdf,40,
98022,1.1.3,нагін,,,1.12,520.0,417.0,5.0,5.0,Інв_№229_Щорічні_дані_про_режим_та_ресурси_вод_морів_і_морських.pdf,40,
98025,1.1.3,нагін,,,7.06,540.0,440.0,59.0,11.0,Інв_№229_Щорічні_дані_про_режим_та_ресурси_вод_морів_і_морських.pdf,40,
98025,1.1.3,відгін,,,19.11,540.0,440.0,26.0,1.0,Інв_№229_Щорічні_дані_про_режим_та_ресурси_вод_морів_і_морських.pdf,40,
98025,1.1.3,нагін,,,1.12,540.0,440.0,0.0,3.0,Інв_№229_Щорічні_дані_про_режим_та_ресурси_вод_морів_і_морських.pdf,40,
98025,1.1.3,нагін,,,14.12,540.0,440.0,1.0,3.0,Інв_№229_Щорічні_дані_про_режим_та_ресурси_вод_морів_і_морських.pdf,40,
