post_id,variable,month,stat,value,flag,source_file
80807,water_temperature,1,decade_1,3.7,,Інв_№230_Щорічні_дані_про_режим_та_ресурси_вод_морів_і_морських.pdf
80807,water_temperature,2,decade_1,0.9,,Інв_№230_Щорічні_дані_про_режим_та_ресурси_вод_морів_і_морських.pdf
80807,water_temperature,3,decade_1,3.7,,Інв_№230_Щорічні_дані_про_режим_та_ресурси_вод_морів_і_морських.pdf
80807,water_temperature,4,decade_1,8.1,,Інв_№230_Щорічні_дані_про_режим_та_ресурси_вод_морів_і_морських.pdf
80807,water_temperature,5,decade_1,14.4,,Інв_№230_Щорічні_дані_про_режим_та_ресурси_вод_морів_і_морських.pdf
80807,water_temperature,6,decade_1,20.1,,Інв_№230_Щорічні_дані_про_режим_та_ресурси_вод_морів_і_морських.pdf
80807,water_temperature,7,decade_1,25.1,,Інв_№230_Щорічні_дані_про_режим_та_ресурси_вод_морів_і_морських.pdf
80807,water_temperature,8,decade_1,26.6,,Інв_№230_Щорічні_дані_про_режим_та_ресурси_вод_морів_і_морських.pdf
80807,water_temperature,9,decade_1,22.5,,Інв_№230_Щорічні_дані_про_режим_та_ресурси_вод_морів_і_морських.pdf
80807,water_temperature,10,decade_1,17.9,,Інв_№230_Щорічні_дані_про_режим_та_ресурси_вод_морів_і_морських.pdf
80807,water_temperature,11,decade_1,14.5,,Інв_№230_Щорічні_дані_про_режим_та_ресурси_вод_морів_і_морських.pdf
80807,water_temperature,12,decade_1,4.2,,Інв_№230_Щорічні_дані_про_режим_та_ресурси_вод_морів_і_морських.pdf
80807,water_temperature,1,decade_2,2.1,,Інв_№230_Щорічні_дані_про_режим_та_ресурси_вод_морів_і_морських.pdf
80807,water_temperature,2,decade_2,0.9,,Інв_№230_Щорічні_дані_про_режим_та_ресурси_вод_морів_і_морських.pdf
80807,water_temperature,3,decade_2,5.6,,Інв_№230_Щорічні_дані_про_режим_та_ресурси_вод_морів_і_морських.pdf
80807,water_temperature,4,decade_2,10.3,,Інв_№230_Щорічні_дані_про_режим_та_ресурси_вод_морів_і_морських.pdf
80807,water_temperature,5,decade_2,16.7,,Інв_№230_Щорічні_дані_про_режим_та_ресурси_вод_морів_і_морських.pdf
80807,water_temperature,6,decade_2,22.2,,Інв_№230_Щорічні_дані_про_режим_та_ресурси_вод_морів_і_морських.pdf
80807,water_temperature,7,decade_2,25.3,,Інв_№230_Щорічні_дані_про_режим_та_ресурси_вод_морів_і_морських.pdf
80807,water_temperature,8,decade_2,27.2,,Інв_№230_Щорічні_дані_про_режим_та_ресурси_вод_морів_і_морських.pdf
80807,water_temperature,9,decade_2,19.4,,Інв_№230_Щорічні_дані_про_режим_та_ресурси_вод_морів_і_морських.pdf
80807,water_temperature,10,decade_2,14.2,,Інв_№230_Щорічні_дані_про_режим_та_ресурси_вод_морів_і_морських.pdf
80807,water_temperature,11,decade_2,10.3,,Інв_№230_Щорічні_дані_про_режим_та_ресурси_вод_морів_і_морських.pdf
80807,water_temperature,12,decade_2,3.8,,Інв_№230_Щорічні_дані_про_режим_та_ресурси_вод_морів_і_морських.pdf
80807,water_temperature,0,decade_2_annual,18.11,н/б 28.8,Інв_№230_Щорічні_дані_про_режим_та_ресурси_вод_морів_і_морських.pdf
80807,water_temperature,1,decade_3,2.0,,Інв_№230_Щорічні_дані_про_режим_та_ресурси_вод_морів_і_морських.pdf
80807,water_temperature,2,decade_3,2.6,,Інв_№230_Щорічні_дані_про_режим_та_ресурси_вод_морів_і_морських.pdf
80807,water_temperature,3,decade_3,7.0,,Інв_№230_Щорічні_дані_про_режим_та_ресурси_вод_морів_і_морських.pdf
80807,water_temperature,4,decade_3,11.5,,Інв_№230_Щорічні_дані_про_режим_та_ресурси_вод_морів_і_морських.pdf
80807,water_temperature,5,decade_3,18.4,,Інв_№230_Щорічні_дані_про_режим_та_ресурси_вод_морів_і_морських.pdf
80807,water_temperature,6,decade_3,25.0,,Інв_№230_Щорічні_дані_про_режим_та_ресурси_вод_морів_і_морських.pdf
80807,water_temperature,7,decade_3,25.2,,Інв_№230_Щорічні_дані_про_режим_та_ресурси_вод_морів_і_морських.pdf
80807,water_temperature,8,decade_3,26.5,,Інв_№230_Щорічні_дані_про_режим_та_ресурси_вод_морів_і_морських.pdf
80807,water_temperature,9,decade_3,19.1,,Інв_№230_Щорічні_дані_про_режим_та_ресурси_вод_морів_і_морських.pdf
80807,water_temperature,10,decade_3,15.6,,Інв_№230_Щорічні_дані_про_режим_та_ресурси_вод_морів_і_морських.pdf
80807,water_temperature,11,decade_3,4.1,,Інв_№230_Щорічні_дані_про_режим_та_ресурси_вод_морів_і_морських.pdf
80807,water_temperature,12,decade_3,4.2,,Інв_№230_Щорічні_дані_про_режим_та_ресурси_вод_морів_і_морських.pdf
80807,water_temperature,0,decade_3_annual,19.2,,Інв_№230_Щорічні_дані_про_режим_та_ресурси_вод_морів_і_морських.pdf
80807,water_temperature,1,mean,2.6,,Інв_№230_Щорічні_дані_про_режим_та_ресурси_вод_морів_і_морських.pdf
80807,water_temperature,2,mean,1.4,,Інв_№230_Щорічні_дані_про_режим_та_ресурси_вод_морів_і_морських.pdf
80807,water_temperature,3,mean,5.5,,Інв_№230_Щорічні_дані_про_режим_та_ресурси_вод_морів_і_морських.pdf
80807,water_temperature,4,mean,9.9,,Інв_№230_Щорічні_дані_про_режим_та_ресурси_вод_морів_і_морських.pdf
80807,water_temperature,5,mean,16.6,,Інв_№230_Щорічні_дані_про_режим_та_ресурси_вод_морів_і_морських.pdf
80807,water_temperature,6,mean,22.4,,Інв_№230_Щорічні_дані_про_режим_та_ресурси_вод_морів_і_морських.pdf
80807,water_temperature,7,mean,25.2,,Інв_№230_Щорічні_дані_про_режим_та_ресурси_вод_морів_і_морських.pdf
80807,water_temperature,8,mean,26.8,,Інв_№230_Щорічні_дані_про_режим_та_ресурси_вод_морів_і_морських.pdf
80807,water_temperature,9,mean,20.3,,Інв_№230_Щорічні_дані_про_режим_та_ресурси_вод_морів_і_морських.pdf
80807,water_temperature,10,mean,15.9,,Інв_№230_Щорічні_дані_про_режим_та_ресурси_вод_морів_і_морських.pdf
80807,water_temperature,11,mean,9.6,,Інв_№230_Щорічні_дані_про_режим_та_ресурси_вод_морів_і_морських.pdf
80807,water_temperature,12,mean,4.1,,Інв_№230_Щорічні_дані_про_режим_та_ресурси_вод_морів_і_морських.pdf
80807,water_temperature,0,mean_annual,2.0,,Інв_№230_Щорічні_дані_про_режим_та_ресурси_вод_морів_і_морських.pdf
98032,water_temperature,1,decade_1,4.2,,Інв_№230_Щорічні_дані_про_режим_та_ресурси_вод_морів_і_морських.pdf
98032,water_temperature,2,decade_1,1.5,,Інв_№230_Щорічні_дані_про_режим_та_ресурси_вод_морів_і_морських.pdf
98032,water_temperature,3,decade_1,6.1,,Інв_№230_Щорічні_дані_про_режим_та_ресурси_вод_морів_і_морських.pdf
98032,water_temperature,4,decade_1,10.2,,Інв_№230_Щорічні_дані_про_режим_та_ресурси_вод_морів_і_морських.pdf
98032,water_temperature,5,decade_1,14.7,?,Інв_№230_Щорічні_дані_про_режим_та_ресурси_вод_морів_і_морських.pdf
98032,water_temperature,1,decade_2,2.2,,Інв_№230_Щорічні_дані_про_режим_та_ресурси_вод_морів_і_морських.pdf
98032,water_temperature,3,decade_2,7.4,,Інв_№230_Щорічні_дані_про_режим_та_ресурси_вод_морів_і_морських.pdf
98032,water_temperature,4,decade_2,12.3,,Інв_№230_Щорічні_дані_про_режим_та_ресурси_вод_морів_і_морських.pdf
98032,water_temperature,1,decade_3,2.4,,Інв_№230_Щорічні_дані_про_режим_та_ресурси_вод_морів_і_морських.pdf
98032,water_temperature,3,decade_3,8.3,,Інв_№230_Щорічні_дані_про_режим_та_ресурси_вод_морів_і_морських.pdf
98032,water_temperature,4,decade_3,13.2,,Інв_№230_Щорічні_дані_про_режим_та_ресурси_вод_морів_і_морських.pdf
98032,water_temperature,1,mean,2.9,,Інв_№230_Щорічні_дані_про_режим_та_ресурси_вод_морів_і_морських.pdf
98032,water_temperature,3,mean,7.3,,Інв_№230_Щорічні_дані_про_режим_та_ресурси_вод_морів_і_морських.pdf
98032,water_temperature,4,mean,11.9,,Інв_№230_Щорічні_дані_про_режим_та_ресурси_вод_морів_і_морських.pdf
98027,water_temperature,1,decade_1,4.2,,Інв_№230_Щорічні_дані_про_режим_та_ресурси_вод_морів_і_морських.pdf
98027,water_temperature,2,decade_1,1.1,,Інв_№230_Щорічні_дані_про_режим_та_ресурси_вод_морів_і_морських.pdf
98027,water_temperature,3,decade_1,5.2,,Інв_№230_Щорічні_дані_про_режим_та_ресурси_вод_морів_і_морських.pdf
98027,water_temperature,4,decade_1,9.9,,Інв_№230_Щорічні_дані_про_режим_та_ресурси_вод_морів_і_морських.pdf
98027,water_temperature,5,decade_1,15.0,,Інв_№230_Щорічні_дані_про_режим_та_ресурси_вод_морів_і_морських.pdf
98027,water_temperature,6,decade_1,21.2,,Інв_№230_Щорічні_дані_про_режим_та_ресурси_вод_морів_і_морських.pdf
98027,water_temperature,7,decade_1,24.9,,Інв_№230_Щорічні_дані_про_режим_та_ресурси_вод_морів_і_морських.pdf
98027,water_temperature,8,decade_1,26.4,,Інв_№230_Щорічні_дані_про_режим_та_ресурси_вод_морів_і_морських.pdf
98027,water_temperature,9,decade_1,23.5,,Інв_№230_Щорічні_дані_про_режим_та_ресурси_вод_морів_і_морських.pdf
98027,water_temperature,10,decade_1,17.6,,Інв_№230_Щорічні_дані_про_режим_та_ресурси_вод_морів_і_морських.pdf
98027,water_temperature,11,decade_1,14.9,,Інв_№230_Щорічні_дані_про_режим_та_ресурси_вод_морів_і_морських.pdf
98027,water_temperature,12,decade_1,4.3,,Інв_№230_Щорічні_дані_про_режим_та_ресурси_вод_морів_і_морських.pdf
98027,water_temperature,1,decade_2,1.8,,Інв_№230_Щорічні_дані_про_режим_та_ресурси_вод_морів_і_морських.pdf
98027,water_temperature,2,decade_2,1.3,,Інв_№230_Щорічні_дані_про_режим_та_ресурси_вод_морів_і_морських.pdf
98027,water_temperature,3,decade_2,7.6,,Інв_№230_Щорічні_дані_про_режим_та_ресурси_вод_морів_і_морських.pdf
98027,water_temperature,4,decade_2,11.8,,Інв_№230_Щорічні_дані_про_режим_та_ресурси_вод_морів_і_морських.pdf
98027,water_temperature,5,decade_2,17.8,,Інв_№230_Щорічні_дані_про_режим_та_ресурси_вод_морів_і_морських.pdf
98027,water_temperature,6,decade_2,22.2,,Інв_№230_Щорічні_дані_про_режим_та_ресурси_вод_морів_і_морських.pdf
98027,water_temperature,7,decade_2,24.8,,Інв_№230_Щорічні_дані_про_режим_та_ресурси_вод_морів_і_морських.pdf
98027,water_temperature,8,decade_2,25.3,,Інв_№230_Щорічні_дані_про_режим_та_ресурси_вод_морів_і_морських.pdf
98027,water_temperature,9,decade_2,21.0,,Інв_№230_Щорічні_дані_про_режим_та_ресурси_вод_морів_і_морських.pdf
98027,water_temperature,10,decade_2,14.1,,Інв_№230_Щорічні_дані_про_режим_та_ресурси_вод_морів_і_морських.pdf
98027,water_temperature,11,decade_2,10.6,,Інв_№230_Щорічні_дані_про_режим_та_ресурси_вод_морів_і_морських.pdf
98027,water_temperature,12,decade_2,3.8,,Інв_№230_Щорічні_дані_про_режим_та_ресурси_вод_морів_і_морських.pdf
98027,water_temperature,0,decade_2_annual,18.11,н/б 29.0,Інв_№230_Щорічні_дані_про_режим_та_ресурси_вод_морів_і_морських.pdf
98027,water_temperature,1,decade_3,2.6,,Інв_№230_Щорічні_дані_про_режим_та_ресурси_вод_морів_і_морських.pdf
98027,water_temperature,2,decade_3,3.6,,Інв_№230_Щорічні_дані_про_режим_та_ресурси_вод_морів_і_морських.pdf
98027,water_temperature,3,decade_3,9.5,,Інв_№230_Щорічні_дані_про_режим_та_ресурси_вод_морів_і_морських.pdf
98027,water_temperature,4,decade_3,13.4,,Інв_№230_Щорічні_дані_про_режим_та_ресурси_вод_морів_і_морських.pdf
98027,water_temperature,5,decade_3,20.5,,Інв_№230_Щорічні_дані_про_режим_та_ресурси_вод_морів_і_морських.pdf
98027,water_temperature,6,decade_3,25.3,,Інв_№230_Щорічні_дані_про_режим_та_ресурси_вод_морів_і_морських.pdf
98027,water_temperature,7,decade_3,25.0,,Інв_№230_Щорічні_дані_про_режим_та_ресурси_вод_морів_і_морських.pdf
98027,water_temperature,8,decade_3,26.4,,Інв_№230_Щорічні_дані_про_режим_та_ресурси_вод_морів_і_морських.pdf
98027,water_temperature,9,decade_3,20.7,,Інв_№230_Щорічні_дані_про_режим_та_ресурси_вод_морів_і_морських.pdf
98027,water_temperature,10,decade_3,15.4,,Інв_№230_Щорічні_дані_про_режим_та_ресурси_вод_морів_і_морських.pdf
98027,water_temperature,11,decade_3,5.4,,Інв_№230_Щорічні_дані_про_режим_та_ресурси_вод_морів_і_морських.pdf
98027,water_temperature,12,decade_3,3.9,,Інв_№230_Щорічні_дані_про_режим_та_ресурси_вод_морів_і_морських.pdf
98027,water_temperature,0,decade_3_annual,4.08,,Інв_№230_Щорічні_дані_про_режим_та_ресурси_вод_морів_і_морських.pdf
98027,water_temperature,1,mean,2.9,,Інв_№230_Щорічні_дані_про_режим_та_ресурси_вод_морів_і_морських.pdf
98027,water_temperature,2,mean,1.9,,Інв_№230_Щорічні_дані_про_режим_та_ресурси_вод_морів_і_морських.pdf
98027,water_temperature,3,mean,7.5,,Інв_№230_Щорічні_дані_про_режим_та_ресурси_вод_морів_і_морських.pdf
98027,water_temperature,4,mean,11.7,,Інв_№230_Щорічні_дані_про_режим_та_ресурси_вод_морів_і_морських.pdf
98027,water_temperature,5,mean,17.9,,Інв_№230_Щорічні_дані_про_режим_та_ресурси_вод_морів_і_морських.pdf
98027,water_temperature,6,mean,22.9,,Інв_№230_Щорічні_дані_про_режим_та_ресурси_вод_морів_і_морських.pdf
98027,water_temperature,7,mean,24.9,,Інв_№230_Щорічні_дані_про_режим_та_ресурси_вод_морів_і_морських.pdf
98027,water_temperature,8,mean,26.0,,Інв_№230_Щорічні_дані_про_режим_та_ресурси_вод_морів_і_морських.pdf
98027,water_temperature,9,mean,21.7,,Інв_№230_Щорічні_дані_про_режим_та_ресурси_вод_морів_і_морських.pdf
98027,water_temperature,10,mean,15.7,,Інв_№230_Щорічні_дані_про_режим_та_ресурси_вод_морів_і_морських.pdf
98027,water_temperature,11,mean,10.3,,Інв_№230_Щорічні_дані_про_режим_та_ресурси_вод_морів_і_морських.pdf
98027,water_temperature,12,mean,4.0,,Інв_№230_Щорічні_дані_про_режим_та_ресурси_вод_морів_і_морських.pdf
98027,water_temperature,0,mean_annual,1.0,,Інв_№230_Щорічні_дані_про_режим_та_ресурси_вод_морів_і_морських.pdf
98025,water_temperature,1,decade_1,3.7,,Інв_№230_Щорічні_дані_про_режим_та_ресурси_вод_морів_і_морських.pdf
98025,water_temperature,2,decade_1,0.8,,Інв_№230_Щорічні_дані_про_режим_та_ресурси_вод_морів_і_морських.pdf
98025,water_temperature,3,decade_1,5.0,,Інв_№230_Щорічні_дані_про_режим_та_ресурси_вод_морів_і_морських.pdf
98025,water_temperature,4,decade_1,9.5,,Інв_№230_Щорічні_дані_про_режим_та_ресурси_вод_морів_і_морських.pdf
98025,water_temperature,5,decade_1,14.2,,Інв_№230_Щорічні_дані_про_режим_та_ресурси_вод_морів_і_морських.pdf
98025,water_temperature,6,decade_1,21.2,,Інв_№230_Щорічні_дані_про_режим_та_ресурси_вод_морів_і_морських.pdf
98025,water_temperature,7,decade_1,24.8,,Інв_№230_Щорічні_дані_про_режим_та_ресурси_вод_морів_і_морських.pdf
98025,water_temperature,8,decade_1,25.5,,Інв_№230_Щорічні_дані_про_режим_та_ресурси_вод_морів_і_морських.pdf
98025,water_temperature,9,decade_1,22.7,,Інв_№230_Щорічні_дані_про_режим_та_ресурси_вод_морів_і_морських.pdf
98025,water_temperature,10,decade_1,17.3,,Інв_№230_Щорічні_дані_про_режим_та_ресурси_вод_морів_і_морських.pdf
98025,water_temperature,11,decade_1,15.0,,Інв_№230_Щорічні_дані_про_режим_та_ресурси_вод_морів_і_морських.pdf
98025,water_temperature,12,decade_1,4.1,,Інв_№230_Щорічні_дані_про_режим_та_ресурси_вод_морів_і_морських.pdf
98025,water_temperature,1,decade_2,1.9,,Інв_№230_Щорічні_дані_про_режим_та_ресурси_вод_морів_і_морських.pdf
98025,water_temperature,2,decade_2,1.2,,Інв_№230_Щорічні_дані_про_режим_та_ресурси_вод_морів_і_морських.pdf
98025,water_temperature,3,decade_2,6.9,,Інв_№230_Щорічні_дані_про_режим_та_ресурси_вод_морів_і_морських.pdf
98025,water_temperature,4,decade_2,11.8,,Інв_№230_Щорічні_дані_про_режим_та_ресурси_вод_морів_і_морських.pdf
98025,water_temperature,5,decade_2,17.0,,Інв_№230_Щорічні_дані_про_режим_та_ресурси_вод_морів_і_морських.pdf
98025,water_temperature,6,decade_2,22.3,,Інв_№230_Щорічні_дані_про_режим_та_ресурси_вод_морів_і_морських.pdf
98025,water_temperature,7,decade_2,24.0,,Інв_№230_Щорічні_дані_про_режим_та_ресурси_вод_морів_і_морських.pdf
98025,water_temperature,8,decade_2,25.3,,Інв_№230_Щорічні_дані_про_режим_та_ресурси_вод_морів_і_морських.pdf
98025,water_temperature,9,decade_2,20.7,,Інв_№230_Щорічні_дані_про_режим_та_ресурси_вод_морів_і_морських.pdf
98025,water_temperature,10,decade_2,14.3,,Інв_№230_Щорічні_дані_про_режим_та_ресурси_вод_морів_і_морських.pdf
98025,water_temperature,11,decade_2,10.5,,Інв_№230_Щорічні_дані_про_режим_та_ресурси_вод_морів_і_морських.pdf
98025,water_temperature,12,decade_2,4.2,,Інв_№230_Щорічні_дані_про_режим_та_ресурси_вод_морів_і_морських.pdf
98025,water_temperature,0,decade_2_annual,18.11,н/б 30.3,Інв_№230_Щорічні_дані_про_режим_та_ресурси_вод_морів_і_морських.pdf
98025,water_temperature,1,decade_3,1.9,,Інв_№230_Щорічні_дані_про_режим_та_ресурси_вод_морів_і_морських.pdf
98025,water_temperature,2,decade_3,3.5,,Інв_№230_Щорічні_дані_про_режим_та_ресурси_вод_морів_і_морських.pdf
98025,water_temperature,3,decade_3,8.4,,Інв_№230_Щорічні_дані_про_режим_та_ресурси_вод_морів_і_морських.pdf
98025,water_temperature,4,decade_3,12.6,,Інв_№230_Щорічні_дані_про_режим_та_ресурси_вод_морів_і_морських.pdf
98025,water_temperature,5,decade_3,20.5,,Інв_№230_Щорічні_дані_про_режим_та_ресурси_вод_морів_і_морських.pdf
98025,water_temperature,6,decade_3,24.3,,Інв_№230_Щорічні_дані_про_режим_та_ресурси_вод_морів_і_морських.pdf
98025,water_temperature,7,decade_3,24.4,,Інв_№230_Щорічні_дані_про_режим_та_ресурси_вод_морів_і_морських.pdf
98025,water_temperature,8,decade_3,26.2,,Інв_№230_Щорічні_дані_про_режим_та_ресурси_вод_морів_і_морських.pdf
98025,water_temperature,9,decade_3,20.3,,Інв_№230_Щорічні_дані_про_режим_та_ресурси_вод_морів_і_морських.pdf
98025,water_temperature,10,decade_3,15.7,,Інв_№230_Щорічні_дані_про_режим_та_ресурси_вод_морів_і_морських.pdf
98025,water_temperature,11,decade_3,5.4,,Інв_№230_Щорічні_дані_про_режим_та_ресурси_вод_морів_і_морських.pdf
98025,water_temperature,12,decade_3,4.3,,Інв_№230_Щорічні_дані_про_режим_та_ресурси_вод_морів_і_морських.pdf
98025,water_temperature,0,decade_3_annual,5.08,,Інв_№230_Щорічні_дані_про_режим_та_ресурси_вод_морів_і_морських.pdf
98025,water_temperature,1,mean,2.5,,Інв_№230_Щорічні_дані_про_режим_та_ресурси_вод_морів_і_морських.pdf
98025,water_temperature,2,mean,1.7,,Інв_№230_Щорічні_дані_про_режим_та_ресурси_вод_морів_і_морських.pdf
98025,water_temperature,3,mean,6.8,,Інв_№230_Щорічні_дані_про_режим_та_ресурси_вод_морів_і_морських.pdf
98025,water_temperature,4,mean,11.3,,Інв_№230_Щорічні_дані_про_режим_та_ресурси_вод_морів_і_морських.pdf
98025,water_temperature,5,mean,17.3,,Інв_№230_Щорічні_дані_про_режим_та_ресурси_вод_морів_і_морських.pdf
98025,water_temperature,6,mean,22.6,,Інв_№230_Щорічні_дані_про_режим_та_ресурси_вод_морів_і_морських.pdf
98025,water_temperature,7,mean,24.4,,Інв_№230_Щорічні_дані_про_режим_та_ресурси_вод_морів_і_морських.pdf
98025,water_temperature,8,mean,25.7,,Інв_№230_Щорічні_дані_про_режим_та_ресурси_вод_морів_і_морських.pdf
98025,water_temperature,9,mean,21.2,,Інв_№230_Щорічні_дані_про_режим_та_ресурси_вод_морів_і_морських.pdf
98025,water_temperature,10,mean,15.8,,Інв_№230_Щорічні_дані_про_режим_та_ресурси_вод_морів_і_морських.pdf
98025,water_temperature,11,mean,10.3,,Інв_№230_Щорічні_дані_про_режим_та_ресурси_вод_морів_і_морських.pdf
98025,water_temperature,12,mean,4.2,,Інв_№230_Щорічні_дані_про_режим_та_ресурси_вод_морів_і_морських.pdf
98025,water_temperature,0,mean_annual,1.0,,Інв_№230_Щорічні_дані_про_режим_та_ресурси_вод_морів_і_морських.pdf
98022,water_temperature,1,decade_1,4.1,,Інв_№230_Щорічні_дані_про_режим_та_ресурси_вод_морів_і_морських.pdf
98022,water_temperature,2,decade_1,1.9,,Інв_№230_Щорічні_дані_про_режим_та_ресурси_вод_морів_і_морських.pdf
98022,water_temperature,3,decade_1,4.0,,Інв_№230_Щорічні_дані_про_режим_та_ресурси_вод_морів_і_морських.pdf
98022,water_temperature,4,decade_1,8.2,,Інв_№230_Щорічні_дані_про_режим_та_ресурси_вод_морів_і_морських.pdf
98022,water_temperature,5,decade_1,12.8,,Інв_№230_Щорічні_дані_про_режим_та_ресурси_вод_морів_і_морських.pdf
98022,water_temperature,6,decade_1,20.7,,Інв_№230_Щорічні_дані_про_режим_та_ресурси_вод_морів_і_морських.pdf
98022,water_temperature,7,decade_1,24.9,,Інв_№230_Щорічні_дані_про_режим_та_ресурси_вод_морів_і_морських.pdf
98022,water_temperature,8,decade_1,26.0,,Інв_№230_Щорічні_дані_про_режим_та_ресурси_вод_морів_і_морських.pdf
98022,water_temperature,9,decade_1,25.2,,Інв_№230_Щорічні_дані_про_режим_та_ресурси_вод_морів_і_морських.pdf
98022,water_temperature,10,decade_1,18.1,,Інв_№230_Щорічні_дані_про_режим_та_ресурси_вод_морів_і_морських.pdf
98022,water_temperature,11,decade_1,15.1,,Інв_№230_Щорічні_дані_про_режим_та_ресурси_вод_морів_і_морських.pdf
98022,water_temperature,12,decade_1,5.3,,Інв_№230_Щорічні_дані_про_режим_та_ресурси_вод_морів_і_морських.pdf
98022,water_temperature,1,decade_2,3.2,,Інв_№230_Щорічні_дані_про_режим_та_ресурси_вод_морів_і_морських.pdf
98022,water_temperature,2,decade_2,1.2,,Інв_№230_Щорічні_дані_про_режим_та_ресурси_вод_морів_і_морських.pdf
98022,water_temperature,3,decade_2,6.1,,Інв_№230_Щорічні_дані_про_режим_та_ресурси_вод_морів_і_морських.pdf
98022,water_temperature,4,decade_2,9.7,,Інв_№230_Щорічні_дані_про_режим_та_ресурси_вод_морів_і_морських.pdf
98022,water_temperature,5,decade_2,14.9,,Інв_№230_Щорічні_дані_про_режим_та_ресурси_вод_морів_і_морських.pdf
98022,water_temperature,6,decade_2,21.8,,Інв_№230_Щорічні_дані_про_режим_та_ресурси_вод_морів_і_морських.pdf
98022,water_temperature,7,decade_2,24.1,,Інв_№230_Щорічні_дані_про_режим_та_ресурси_вод_морів_і_морських.pdf
98022,water_temperature,8,decade_2,25.6,,Інв_№230_Щорічні_дані_про_режим_та_ресурси_вод_морів_і_морських.pdf
98022,water_temperature,9,decade_2,21.6,,Інв_№230_Щорічні_дані_про_режим_та_ресурси_вод_морів_і_морських.pdf
98022,water_temperature,10,decade_2,14.9,,Інв_№230_Щорічні_дані_про_режим_та_ресурси_вод_морів_і_морських.pdf
98022,water_temperature,11,decade_2,11.9,,Інв_№230_Щорічні_дані_про_режим_та_ресурси_вод_морів_і_морських.pdf
98022,water_temperature,12,decade_2,4.2,,Інв_№230_Щорічні_дані_про_режим_та_ресурси_вод_морів_і_морських.pdf
98022,water_temperature,0,decade_2_annual,19.11,н/б 28.1,Інв_№230_Щорічні_дані_про_режим_та_ресурси_вод_морів_і_морських.pdf
98022,water_temperature,1,decade_3,2.8,,Інв_№230_Щорічні_дані_про_режим_та_ресурси_вод_морів_і_морських.pdf
98022,water_temperature,2,decade_3,2.2,,Інв_№230_Щорічні_дані_про_режим_та_ресурси_вод_морів_і_морських.pdf
98022,water_temperature,3,decade_3,7.6,,Інв_№230_Щорічні_дані_про_режим_та_ресурси_вод_морів_і_морських.pdf
98022,water_temperature,4,decade_3,11.6,,Інв_№230_Щорічні_дані_про_режим_та_ресурси_вод_морів_і_морських.pdf
98022,water_temperature,5,decade_3,17.8,,Інв_№230_Щорічні_дані_про_режим_та_ресурси_вод_морів_і_морських.pdf
98022,water_temperature,6,decade_3,24.8,,Інв_№230_Щорічні_дані_про_режим_та_ресурси_вод_морів_і_морських.pdf
98022,water_temperature,7,decade_3,25.0,,Інв_№230_Щорічні_дані_про_режим_та_ресурси_вод_морів_і_морських.pdf
98022,water_temperature,8,decade_3,27.0,,Інв_№230_Щорічні_дані_про_режим_та_ресурси_вод_морів_і_морських.pdf
98022,water_temperature,9,decade_3,22.0,,Інв_№230_Щорічні_дані_про_режим_та_ресурси_вод_морів_і_морських.pdf
98022,water_temperature,10,decade_3,14.6,,Інв_№230_Щорічні_дані_про_режим_та_ресурси_вод_морів_і_морських.pdf
98022,water_temperature,11,decade_3,7.5,,Інв_№230_Щорічні_дані_про_режим_та_ресурси_вод_морів_і_морських.pdf
98022,water_temperature,12,decade_3,4.1,,Інв_№230_Щорічні_дані_про_режим_та_ресурси_вод_морів_і_морських.pdf
98022,water_temperature,0,decade_3_annual,31.08,,Інв_№230_Щорічні_дані_про_режим_та_ресурси_вод_морів_і_морських.pdf
98022,water_temperature,1,mean,3.3,,Інв_№230_Щорічні_дані_про_режим_та_ресурси_вод_морів_і_морських.pdf
98022,water_temperature,2,mean,1.7,,Інв_№230_Щорічні_дані_про_режим_та_ресурси_вод_морів_і_морських.pdf
98022,water_temperature,3,mean,5.9,,Інв_№230_Щорічні_дані_про_режим_та_ресурси_вод_морів_і_морських.pdf
98022,water_temperature,4,mean,9.9,,Інв_№230_Щорічні_дані_про_режим_та_ресурси_вод_морів_і_морських.pdf
98022,water_temperature,5,mean,15.3,,Інв_№230_Щорічні_дані_про_режим_та_ресурси_вод_морів_і_морських.pdf
98022,water_temperature,6,mean,22.4,,Інв_№230_Щорічні_дані_про_режим_та_ресурси_вод_морів_і_морських.pdf
98022,water_temperature,7,mean,24.7,,Інв_№230_Щорічні_дані_про_режим_та_ресурси_вод_морів_і_морських.pdf
98022,water_temperature,8,mean,26.2,,Інв_№230_Щорічні_дані_про_режим_та_ресурси_вод_морів_і_морських.pdf
98022,water_temperature,9,mean,23.0,,Інв_№230_Щорічні_дані_про_режим_та_ресурси_вод_морів_і_морських.pdf
98022,water_temperature,10,mean,15.8,,Інв_№230_Щорічні_дані_про_режим_та_ресурси_вод_морів_і_морських.pdf
98022,water_temperature,11,mean,11.5,,Інв_№230_Щорічні_дані_про_режим_та_ресурси_вод_морів_і_морських.pdf
98022,water_temperature,12,mean,4.5,,Інв_№230_Щорічні_дані_про_режим_та_ресурси_вод_морів_і_морських.pdf
98022,water_temperature,0,mean_annual,1.0,,Інв_№230_Щорічні_дані_про_режим_та_ресурси_вод_морів_і_морських.pdf
98027,salinity,1,mean,3.13,,Інв_№230_Щорічні_дані_про_режим_та_ресурси_вод_морів_і_морських.pdf
98027,salinity,2,mean,5.53,,Інв_№230_Щорічні_дані_про_режим_та_ресурси_вод_морів_і_морських.pdf
98027,salinity,3,mean,5.05,,Інв_№230_Щорічні_дані_про_режим_та_ресурси_вод_морів_і_морських.pdf
98027,salinity,4,mean,2.85,,Інв_№230_Щорічні_дані_про_режим_та_ресурси_вод_морів_і_морських.pdf
98027,salinity,5,mean,3.23,,Інв_№230_Щорічні_дані_про_режим_та_ресурси_вод_морів_і_морських.pdf
98027,salinity,6,mean,5.79,,Інв_№230_Щорічні_дані_про_режим_та_ресурси_вод_морів_і_морських.pdf
98027,salinity,7,mean,5.73,,Інв_№230_Щорічні_дані_про_режим_та_ресурси_вод_морів_і_морських.pdf
98027,salinity,8,mean,6.18,,Інв_№230_Щорічні_дані_про_режим_та_ресурси_вод_морів_і_морських.pdf
98027,salinity,9,mean,8.6,,Інв_№230_Щорічні_дані_про_режим_та_ресурси_вод_морів_і_морських.pdf
98027,salinity,10,mean,8.58,,Інв_№230_Щорічні_дані_про_режим_та_ресурси_вод_морів_і_морських.pdf
98027,salinity,11,mean,6.09,,Інв_№230_Щорічні_дані_про_режим_та_ресурси_вод_морів_і_морських.pdf
98027,salinity,12,mean,4.74,,Інв_№230_Щорічні_дані_про_режим_та_ресурси_вод_морів_і_морських.pdf
98027,salinity,0,mean_annual,5.46,,Інв_№230_Щорічні_дані_про_режим_та_ресурси_вод_морів_і_морських.pdf
98027,salinity,1,max,3.75,,Інв_№230_Щорічні_дані_про_режим_та_ресурси_вод_морів_і_морських.pdf
98027,salinity,2,max,7.69,,Інв_№230_Щорічні_дані_про_режим_та_ресурси_вод_морів_і_морських.pdf
98027,salinity,3,max,6.01,,Інв_№230_Щорічні_дані_про_режим_та_ресурси_вод_морів_і_морських.pdf
98027,salinity,4,max,3.97,,Інв_№230_Щорічні_дані_про_режим_та_ресурси_вод_морів_і_морських.pdf
98027,salinity,5,max,4.36,,Інв_№230_Щорічні_дані_про_режим_та_ресурси_вод_морів_і_морських.pdf
98027,salinity,6,max,6.47,,Інв_№230_Щорічні_дані_про_режим_та_ресурси_вод_морів_і_морських.pdf
98027,salinity,7,max,6.47,,Інв_№230_Щорічні_дані_про_режим_та_ресурси_вод_морів_і_морських.pdf
98027,salinity,8,max,7.14,,Інв_№230_Щорічні_дані_про_режим_та_ресурси_вод_морів_і_морських.pdf
98027,salinity,9,max,9.73,,Інв_№230_Щорічні_дані_про_режим_та_ресурси_вод_морів_і_морських.pdf
98027,salinity,10,max,9.55,,Інв_№230_Щорічні_дані_про_режим_та_ресурси_вод_морів_і_морських.pdf
98027,salinity,11,max,7.69,,Інв_№230_Щорічні_дані_про_режим_та_ресурси_вод_морів_і_морських.pdf
98027,salinity,12,max,5.79,,Інв_№230_Щорічні_дані_про_режим_та_ресурси_вод_морів_і_морських.pdf
98027,salinity,0,max_annual,9.73,12.09,Інв_№230_Щорічні_дані_про_режим_та_ресурси_вод_морів_і_морських.pdf
98027,salinity,1,min,2.55,,Інв_№230_Щорічні_дані_про_режим_та_ресурси_вод_морів_і_морських.pdf
98027,salinity,2,min,2.33,,Інв_№230_Щорічні_дані_про_режим_та_ресурси_вод_морів_і_морських.pdf
98027,salinity,3,min,2.95,,Інв_№230_Щорічні_дані_про_режим_та_ресурси_вод_морів_і_морських.pdf
98027,salinity,4,min,1.66,,Інв_№230_Щорічні_дані_про_режим_та_ресурси_вод_морів_і_морських.pdf
98027,salinity,5,min,2.12,,Інв_№230_Щорічні_дані_про_режим_та_ресурси_вод_морів_і_морських.pdf
98027,salinity,6,min,4.16,,Інв_№230_Щорічні_дані_про_режим_та_ресурси_вод_морів_і_морських.pdf
98027,salinity,7,min,4.16,,Інв_№230_Щорічні_дані_про_режим_та_ресурси_вод_морів_і_морських.pdf
98027,salinity,8,min,5.62,,Інв_№230_Щорічні_дані_про_режим_та_ресурси_вод_морів_і_морських.pdf
98027,salinity,9,min,6.89,,Інв_№230_Щорічні_дані_про_режим_та_ресурси_вод_морів_і_морських.pdf
98027,salinity,10,min,7.19,,Інв_№230_Щорічні_дані_про_режим_та_ресурси_вод_морів_і_морських.pdf
98027,salinity,11,min,4.59,,Інв_№230_Щорічні_дані_про_режим_та_ресурси_вод_морів_і_морських.pdf
98027,salinity,12,min,4.04,,Інв_№230_Щорічні_дані_про_режим_та_ресурси_вод_морів_і_морських.pdf
98027,salinity,0,min_annual,1.66,28.04,Інв_№230_Щорічні_дані_про_режим_та_ресурси_вод_морів_і_морських.pdf
98025,salinity,1,mean,2.38,,Інв_№230_Щорічні_дані_про_режим_та_ресурси_вод_морів_і_морських.pdf
98025,salinity,2,mean,3.11,,Інв_№230_Щорічні_дані_про_режим_та_ресурси_вод_морів_і_морських.pdf
98025,salinity,3,mean,2.78,,Інв_№230_Щорічні_дані_про_режим_та_ресурси_вод_морів_і_морських.pdf
98025,salinity,4,mean,2.29,,Інв_№230_Щорічні_дані_про_режим_та_ресурси_вод_морів_і_морських.pdf
98025,salinity,5,mean,2.23,,Інв_№230_Щорічні_дані_про_режим_та_ресурси_вод_морів_і_морських.pdf
98025,salinity,6,mean,1.63,,Інв_№230_Щорічні_дані_про_режим_та_ресурси_вод_морів_і_морських.pdf
98025,salinity,7,mean,2.83,,Інв_№230_Щорічні_дані_про_режим_та_ресурси_вод_морів_і_морських.pdf
98025,salinity,8,mean,3.33,,Інв_№230_Щорічні_дані_про_режим_та_ресурси_вод_морів_і_морських.pdf
98025,salinity,9,mean,4.55,,Інв_№230_Щорічні_дані_про_режим_та_ресурси_вод_морів_і_морських.pdf
98025,salinity,10,mean,5.18,,Інв_№230_Щорічні_дані_про_режим_та_ресурси_вод_морів_і_морських.pdf
98025,salinity,11,mean,3.45,,Інв_№230_Щорічні_дані_про_режим_та_ресурси_вод_морів_і_морських.pdf
98025,salinity,12,mean,2.6,,Інв_№230_Щорічні_дані_про_режим_та_ресурси_вод_морів_і_морських.pdf
98025,salinity,0,mean_annual,3.03,,Інв_№230_Щорічні_дані_про_режим_та_ресурси_вод_морів_і_морських.pdf
98025,salinity,1,max,4.43,,Інв_№230_Щорічні_дані_про_режим_та_ресурси_вод_морів_і_морських.pdf
98025,salinity,2,max,6.37,,Інв_№230_Щорічні_дані_про_режим_та_ресурси_вод_морів_і_морських.pdf
98025,salinity,3,max,4.0,,Інв_№230_Щорічні_дані_про_режим_та_ресурси_вод_морів_і_морських.pdf
98025,salinity,4,max,3.63,,Інв_№230_Щорічні_дані_про_режим_та_ресурси_вод_морів_і_морських.pdf
98025,salinity,5,max,3.63,,Інв_№230_Щорічні_дані_про_режим_та_ресурси_вод_морів_і_морських.pdf
98025,salinity,6,max,3.89,,Інв_№230_Щорічні_дані_про_режим_та_ресурси_вод_морів_і_морських.pdf
98025,salinity,7,max,4.29,,Інв_№230_Щорічні_дані_про_режим_та_ресурси_вод_морів_і_морських.pdf
98025,salinity,8,max,4.72,,Інв_№230_Щорічні_дані_про_режим_та_ресурси_вод_морів_і_морських.pdf
98025,salinity,9,max,6.5,,Інв_№230_Щорічні_дані_про_режим_та_ресурси_вод_морів_і_морських.pdf
98025,salinity,10,max,7.66,,Інв_№230_Щорічні_дані_про_режим_та_ресурси_вод_морів_і_морських.pdf
98025,salinity,11,max,5.08,,Інв_№230_Щорічні_дані_про_режим_та_ресурси_вод_морів_і_морських.pdf
98025,salinity,12,max,4.16,,Інв_№230_Щорічні_дані_про_режим_та_ресурси_вод_морів_і_морських.pdf
98025,salinity,0,max_annual,7.66,"06, 09.10",Інв_№230_Щорічні_дані_про_режим_та_ресурси_вод_морів_і_морських.pdf
98025,salinity,1,min,1.13,,Інв_№230_Щорічні_дані_про_режим_та_ресурси_вод_морів_і_морських.pdf
98025,salinity,2,min,1.38,,Інв_№230_Щорічні_дані_про_режим_та_ресурси_вод_морів_і_морських.pdf
98025,salinity,3,min,1.29,,Інв_№230_Щорічні_дані_про_режим_та_ресурси_вод_морів_і_морських.pdf
98025,salinity,4,min,1.2,,Інв_№230_Щорічні_дані_про_режим_та_ресурси_вод_морів_і_морських.pdf
98025,salinity,5,min,1.2,,Інв_№230_Щорічні_дані_про_режим_та_ресурси_вод_морів_і_морських.pdf
98025,salinity,6,min,0.63,,Інв_№230_Щорічні_дані_про_режим_та_ресурси_вод_морів_і_морських.pdf
98025,salinity,7,min,1.2,,Інв_№230_Щорічні_дані_про_режим_та_ресурси_вод_морів_і_морських.pdf
98025,salinity,8,min,1.94,,Інв_№230_Щорічні_дані_про_режим_та_ресурси_вод_морів_і_морських.pdf
98025,salinity,9,min,2.87,,Інв_№230_Щорічні_дані_про_режим_та_ресурси_вод_морів_і_морських.pdf
98025,salinity,10,min,2.3,,Інв_№230_Щорічні_дані_про_режим_та_ресурси_вод_морів_і_морських.pdf
98025,salinity,11,min,1.65,,Інв_№230_Щорічні_дані_про_режим_та_ресурси_вод_морів_і_морських.pdf
98025,salinity,12,min,1.65,,Інв_№230_Щорічні_дані_про_режим_та_ресурси_вод_морів_і_морських.pdf
98025,salinity,0,min_annual,0.63,23.06,Інв_№230_Щорічні_дані_про_режим_та_ресурси_вод_морів_і_морських.pdf
98022,salinity,1,mean,2.79,,Інв_№230_Щорічні_дані_про_режим_та_ресурси_вод_морів_і_морських.pdf
98022,salinity,2,mean,3.06,,Інв_№230_Щорічні_дані_про_режим_та_ресурси_вод_морів_і_морських.pdf
98022,salinity,3,mean,2.53,,Інв_№230_Щорічні_дані_про_режим_та_ресурси_вод_морів_і_морських.pdf
98022,salinity,4,mean,2.34,,Інв_№230_Щорічні_дані_про_режим_та_ресурси_вод_морів_і_морських.pdf
98022,salinity,5,mean,2.21,,Інв_№230_Щорічні_дані_про_режим_та_ресурси_вод_морів_і_морських.pdf
98022,salinity,6,mean,2.17,,Інв_№230_Щорічні_дані_про_режим_та_ресурси_вод_морів_і_морських.pdf
98022,salinity,7,mean,2.99,,Інв_№230_Щорічні_дані_про_режим_та_ресурси_вод_морів_і_морських.pdf
98022,salinity,8,mean,4.53,,Інв_№230_Щорічні_дані_про_режим_та_ресурси_вод_морів_і_морських.pdf
98022,salinity,9,mean,5.1,,Інв_№230_Щорічні_дані_про_режим_та_ресурси_вод_морів_і_морських.pdf
98022,salinity,10,mean,7.4,,Інв_№230_Щорічні_дані_про_режим_та_ресурси_вод_морів_і_морських.pdf
98022,salinity,11,mean,6.66,,Інв_№230_Щорічні_дані_про_режим_та_ресурси_вод_морів_і_морських.pdf
98022,salinity,12,mean,5.16,,Інв_№230_Щорічні_дані_про_режим_та_ресурси_вод_морів_і_морських.pdf
98022,salinity,0,mean_annual,3.91,,Інв_№230_Щорічні_дані_про_режим_та_ресурси_вод_морів_і_морських.pdf
98022,salinity,1,max,5.57,,Інв_№230_Щорічні_дані_про_режим_та_ресурси_вод_морів_і_морських.pdf
98022,salinity,2,max,4.44,,Інв_№230_Щорічні_дані_про_режим_та_ресурси_вод_морів_і_морських.pdf
98022,salinity,3,max,3.42,,Інв_№230_Щорічні_дані_про_режим_та_ресурси_вод_морів_і_морських.pdf
98022,salinity,4,max,4.18,,Інв_№230_Щорічні_дані_про_режим_та_ресурси_вод_морів_і_морських.pdf
98022,salinity,5,max,4.0,,Інв_№230_Щорічні_дані_про_режим_та_ресурси_вод_морів_і_морських.pdf
98022,salinity,6,max,2.82,,Інв_№230_Щорічні_дані_про_режим_та_ресурси_вод_морів_і_морських.pdf
98022,salinity,7,max,5.54,,Інв_№230_Щорічні_дані_про_режим_та_ресурси_вод_морів_і_морських.pdf
98022,salinity,8,max,6.07,,Інв_№230_Щорічні_дані_про_режим_та_ресурси_вод_морів_і_морських.pdf
98022,salinity,9,max,8.58,,Інв_№230_Щорічні_дані_про_режим_та_ресурси_вод_морів_і_морських.pdf
98022,salinity,10,max,9.84,,Інв_№230_Щорічні_дані_про_режим_та_ресурси_вод_морів_і_морських.pdf
98022,salinity,11,max,12.77,,Інв_№230_Щорічні_дані_про_режим_та_ресурси_вод_морів_і_морських.pdf
98022,salinity,12,max,8.85,,Інв_№230_Щорічні_дані_про_режим_та_ресурси_вод_морів_і_морських.pdf
98022,salinity,0,max_annual,12.77,20.11,Інв_№230_Щорічні_дані_про_режим_та_ресурси_вод_морів_і_морських.pdf
98022,salinity,1,min,1.8,<*,Інв_№230_Щорічні_дані_про_режим_та_ресурси_вод_морів_і_морських.pdf
98022,salinity,2,min,1.93,,Інв_№230_Щорічні_дані_про_режим_та_ресурси_вод_морів_і_морських.pdf
98022,salinity,3,min,1.8,<*,Інв_№230_Щорічні_дані_про_режим_та_ресурси_вод_морів_і_морських.pdf
98022,salinity,4,min,1.8,<*,Інв_№230_Щорічні_дані_про_режим_та_ресурси_вод_морів_і_морських.pdf
98022,salinity,5,min,1.8,<*,Інв_№230_Щорічні_дані_про_режим_та_ресурси_вод_морів_і_морських.pdf
98022,salinity,6,min,1.8,<*,Інв_№230_Щорічні_дані_про_режим_та_ресурси_вод_морів_і_морських.pdf
98022,salinity,7,min,1.91,,Інв_№230_Щорічні_дані_про_режим_та_ресурси_вод_морів_і_морських.pdf
98022,salinity,8,min,3.21,,Інв_№230_Щорічні_дані_про_режим_та_ресурси_вод_морів_і_морських.pdf
98022,salinity,9,min,1.8,<*,Інв_№230_Щорічні_дані_про_режим_та_ресурси_вод_морів_і_морських.pdf
98022,salinity,10,min,3.63,,Інв_№230_Щорічні_дані_про_режим_та_ресурси_вод_морів_і_морських.pdf
98022,salinity,11,min,3.84,,Інв_№230_Щорічні_дані_про_режим_та_ресурси_вод_морів_і_морських.pdf
98022,salinity,12,min,2.01,,Інв_№230_Щорічні_дані_про_режим_та_ресурси_вод_морів_і_морських.pdf
98022,salinity,0,min_annual,1.8,04.01,Інв_№230_Щорічні_дані_про_режим_та_ресурси_вод_морів_і_морських.pdf
