post_id,variable,unit,month,stat,value,flag,source_file,page
98022,sea_level,cm,1,mean,482.0,,Інв_№229_Щорічні_дані_про_режим_та_ресурси_вод_морів_і_морських.pdf,34
98022,sea_level,cm,2,mean,474.0,,Інв_№229_Щорічні_дані_про_режим_та_ресурси_вод_морів_і_морських.pdf,34
98022,sea_level,cm,3,mean,483.0,,Інв_№229_Щорічні_дані_про_режим_та_ресурси_вод_морів_і_морських.pdf,34
98022,sea_level,cm,4,mean,485.0,,Інв_№229_Щорічні_дані_про_режим_та_ресурси_вод_морів_і_морських.pdf,34
98022,sea_level,cm,5,mean,495.0,,Інв_№229_Щорічні_дані_про_режим_та_ресурси_вод_морів_і_морських.pdf,34
98022,sea_level,cm,6,mean,516.0,,Інв_№229_Щорічні_дані_про_режим_та_ресурси_вод_морів_і_морських.pdf,34
98022,sea_level,cm,7,mean,495.0,,Інв_№229_Щорічні_дані_про_режим_та_ресурси_вод_морів_і_морських.pdf,34
98022,sea_level,cm,8,mean,487.0,,Інв_№229_Щорічні_дані_про_режим_та_ресурси_вод_морів_і_морських.pdf,34
98022,sea_level,cm,9,mean,479.0,,Інв_№229_Щорічні_дані_про_режим_та_ресурси_вод_морів_і_морських.pdf,34
98022,sea_level,cm,10,mean,481.0,,Інв_№229_Щорічні_дані_про_режим_та_ресурси_вод_морів_і_морських.pdf,34
98022,sea_level,cm,11,mean,480.0,,Інв_№229_Щорічні_дані_про_режим_та_ресурси_вод_морів_і_морських.pdf,34
98022,sea_level,cm,12,mean,491.0,,Інв_№229_Щорічні_дані_про_режим_та_ресурси_вод_морів_і_морських.pdf,34
98022,sea_level,cm,1,max,508.0,,Інв_№229_Щорічні_дані_про_режим_та_ресурси_вод_морів_і_морських.pdf,34
98022,sea_level,cm,2,max,504.0,,Інв_№229_Щорічні_дані_про_режим_та_ресурси_вод_морів_і_морських.pdf,34
98022,sea_level,cm,3,max,507.0,,Інв_№229_Щорічні_дані_про_режим_та_ресурси_вод_морів_і_морських.pdf,34
98022,sea_level,cm,4,max,506.0,,Інв_№229_Щорічні_дані_про_режим_та_ресурси_вод_морів_і_морських.pdf,34
98022,sea_level,cm,5,max,508.0,,Інв_№229_Щорічні_дані_про_режим_та_ресурси_вод_морів_і_морських.pdf,34
98022,sea_level,cm,6,max,573.0,,Інв_№229_Щорічні_дані_про_режим_та_ресурси_вод_морів_і_морських.pdf,34
98022,sea_level,cm,7,max,516.0,,Інв_№229_Щорічні_дані_про_режим_та_ресурси_вод_морів_і_морських.pdf,34
98022,sea_level,cm,8,max,512.0,,Інв_№229_Щорічні_дані_про_режим_та_ресурси_вод_морів_і_морських.pdf,34
98022,sea_level,cm,9,max,498.0,,Інв_№229_Щорічні_дані_про_режим_та_ресурси_вод_морів_і_морських.pdf,34
98022,sea_level,cm,10,max,513.0,,Інв_№229_Щорічні_дані_про_режим_та_ресурси_вод_морів_і_морських.pdf,34
98022,sea_level,cm,11,max,519.0,,Інв_№229_Щорічні_дані_про_режим_та_ресурси_вод_морів_і_морських.pdf,34
98022,sea_level,cm,12,max,525.0,,Інв_№229_Щорічні_дані_про_режим_та_ресурси_вод_морів_і_морських.pdf,34
98022,sea_level,cm,1,min,451.0,,Інв_№229_Щорічні_дані_про_режим_та_ресурси_вод_морів_і_морських.pdf,34
98022,sea_level,cm,2,min,451.0,,Інв_№229_Щорічні_дані_про_режим_та_ресурси_вод_морів_і_морських.pdf,34
98022,sea_level,cm,3,min,463.0,,Інв_№229_Щорічні_дані_про_режим_та_ресурси_вод_морів_і_морських.pdf,34
98022,sea_level,cm,4,min,455.0,,Інв_№229_Щорічні_дані_про_режим_та_ресурси_вод_морів_і_морських.pdf,34
98022,sea_level,cm,5,min,469.0,,Інв_№229_Щорічні_дані_про_режим_та_ресурси_вод_морів_і_морських.pdf,34
98022,sea_level,cm,6,min,473.0,,Інв_№229_Щорічні_дані_про_режим_та_ресурси_вод_морів_і_морських.pdf,34
98022,sea_level,cm,7,min,461.0,,Інв_№229_Щорічні_дані_про_режим_та_ресурси_вод_морів_і_морських.pdf,34
98022,sea_level,cm,8,min,448.0,,Інв_№229_Щорічні_дані_про_режим_та_ресурси_вод_морів_і_морських.pdf,34
98022,sea_level,cm,9,min,455.0,,Інв_№229_Щорічні_дані_про_режим_та_ресурси_вод_морів_і_морських.pdf,34
98022,sea_level,cm,10,min,447.0,,Інв_№229_Щорічні_дані_про_режим_та_ресурси_вод_морів_і_морських.pdf,34
98022,sea_level,cm,11,min,444.0,,Інв_№229_Щорічні_дані_про_режим_та_ресурси_вод_морів_і_морських.pdf,34
98022,sea_level,cm,12,min,474.0,,Інв_№229_Щорічні_дані_про_режим_та_ресурси_вод_морів_і_морських.pdf,34
98025,sea_level,cm,1,mean,490.0,,Інв_№229_Щорічні_дані_про_режим_та_ресурси_вод_морів_і_морських.pdf,35
98025,sea_level,cm,2,mean,486.0,,Інв_№229_Щорічні_дані_про_режим_та_ресурси_вод_морів_і_морських.pdf,35
98025,sea_level,cm,3,mean,494.0,,Інв_№229_Щорічні_дані_про_режим_та_ресурси_вод_морів_і_морських.pdf,35
98025,sea_level,cm,4,mean,499.0,,Інв_№229_Щорічні_дані_про_режим_та_ресурси_вод_морів_і_морських.pdf,35
98025,sea_level,cm,5,mean,502.0,,Інв_№229_Щорічні_дані_про_режим_та_ресурси_вод_морів_і_морських.pdf,35
98025,sea_level,cm,6,mean,525.0,,Інв_№229_Щорічні_дані_про_режим_та_ресурси_вод_морів_і_морських.pdf,35
98025,sea_level,cm,7,mean,504.0,,Інв_№229_Щорічні_дані_про_режим_та_ресурси_вод_морів_і_морських.pdf,35
98025,sea_level,cm,8,mean,494.0,,Інв_№229_Щорічні_дані_про_режим_та_ресурси_вод_морів_і_морських.pdf,35
98025,sea_level,cm,9,mean,485.0,,Інв_№229_Щорічні_дані_про_режим_та_ресурси_вод_морів_і_морських.pdf,35
98025,sea_level,cm,10,mean,481.0,,Інв_№229_Щорічні_дані_про_режим_та_ресурси_вод_морів_і_морських.pdf,35
98025,sea_level,cm,11,mean,489.0,,Інв_№229_Щорічні_дані_про_режим_та_ресурси_вод_морів_і_морських.pdf,35
98025,sea_level,cm,12,mean,505.0,,Інв_№229_Щорічні_дані_про_режим_та_ресурси_вод_морів_і_морських.pdf,35
98025,sea_level,cm,1,max,516.0,,Інв_№229_Щорічні_дані_про_режим_та_ресурси_вод_морів_і_морських.pdf,35
98025,sea_level,cm,2,max,516.0,,Інв_№229_Щорічні_дані_про_режим_та_ресурси_вод_морів_і_морських.pdf,35
98025,sea_level,cm,3,max,523.0,,Інв_№229_Щорічні_дані_про_режим_та_ресурси_вод_морів_і_морських.pdf,35
98025,sea_level,cm,4,max,518.0,,Інв_№229_Щорічні_дані_про_режим_та_ресурси_вод_морів_і_морських.pdf,35
98025,sea_level,cm,5,max,511.0,,Інв_№229_Щорічні_дані_про_режим_та_ресурси_вод_морів_і_морських.pdf,35
98025,sea_level,cm,6,max,598.0,,Інв_№229_Щорічні_дані_про_режим_та_ресурси_вод_морів_і_морських.pdf,35
98025,sea_level,cm,7,max,525.0,!,Інв_№229_Щорічні_дані_про_режим_та_ресурси_вод_морів_і_морських.pdf,35
98025,sea_level,cm,8,max,515.0,,Інв_№229_Щорічні_дані_про_режим_та_ресурси_вод_морів_і_морських.pdf,35
98025,sea_level,cm,9,max,499.0,,Інв_№229_Щорічні_дані_про_режим_та_ресурси_вод_морів_і_морських.pdf,35
98025,sea_level,cm,10,max,509.0,,Інв_№229_Щорічні_дані_про_режим_та_ресурси_вод_морів_і_морських.pdf,35
98025,sea_level,cm,11,max,546.0,,Інв_№229_Щорічні_дані_про_режим_та_ресурси_вод_морів_і_морських.pdf,35
98025,sea_level,cm,12,max,538.0,!,Інв_№229_Щорічні_дані_про_режим_та_ресурси_вод_морів_і_морських.pdf,35
98025,sea_level,cm,1,min,464.0,,Інв_№229_Щорічні_дані_про_режим_та_ресурси_вод_морів_і_морських.pdf,35
98025,sea_level,cm,2,min,456.0,,Інв_№229_Щорічні_дані_про_режим_та_ресурси_вод_морів_і_морських.pdf,35
98025,sea_level,cm,3,min,476.0,,Інв_№229_Щорічні_дані_про_режим_та_ресурси_вод_морів_і_морських.pdf,35
98025,sea_level,cm,4,min,475.0,,Інв_№229_Щорічні_дані_про_режим_та_ресурси_вод_морів_і_морських.pdf,35
98025,sea_level,cm,5,min,490.0,,Інв_№229_Щорічні_дані_про_режим_та_ресурси_вод_морів_і_морських.pdf,35
98025,sea_level,cm,6,min,486.0,,Інв_№229_Щорічні_дані_про_режим_та_ресурси_вод_морів_і_морських.pdf,35
98025,sea_level,cm,7,min,472.0,,Інв_№229_Щорічні_дані_про_режим_та_ресурси_вод_морів_і_морських.pdf,35
98025,sea_level,cm,8,min,475.0,,Інв_№229_Щорічні_дані_про_режим_та_ресурси_вод_морів_і_морських.pdf,35
98025,sea_level,cm,9,min,471.0,,Інв_№229_Щорічні_дані_про_режим_та_ресурси_вод_морів_і_морських.pdf,35
98025,sea_level,cm,10,min,456.0,,Інв_№229_Щорічні_дані_про_режим_та_ресурси_вод_морів_і_морських.pdf,35
98025,sea_level,cm,11,min,414.0,*,Інв_№229_Щорічні_дані_про_режим_та_ресурси_вод_морів_і_морських.pdf,35
98025,sea_level,cm,12,min,480.0,,Інв_№229_Щорічні_дані_про_режим_та_ресурси_вод_морів_і_морських.pdf,35
98022,water_temperature,degC,1,mean,3.3,,Інв_№229_Щорічні_дані_про_режим_та_ресурси_вод_морів_і_морських.pdf,48
98022,water_temperature,degC,2,mean,1.7,,Інв_№229_Щорічні_дані_про_режим_та_ресурси_вод_морів_і_морських.pdf,48
98022,water_temperature,degC,3,mean,5.9,,Інв_№229_Щорічні_дані_про_режим_та_ресурси_вод_морів_і_морських.pdf,48
98022,water_temperature,degC,4,mean,9.9,,Інв_№229_Щорічні_дані_про_режим_та_ресурси_вод_морів_і_морських.pdf,48
98022,water_temperature,degC,5,mean,15.3,,Інв_№229_Щорічні_дані_про_режим_та_ресурси_вод_морів_і_морських.pdf,48
98022,water_temperature,degC,6,mean,22.4,,Інв_№229_Щорічні_дані_про_режим_та_ресурси_вод_морів_і_морських.pdf,48
98022,water_temperature,degC,7,mean,24.7,,Інв_№229_Щорічні_дані_про_режим_та_ресурси_вод_морів_і_морських.pdf,48
98022,water_temperature,degC,8,mean,26.2,,Інв_№229_Щорічні_дані_про_режим_та_ресурси_вод_морів_і_морських.pdf,48
98022,water_temperature,degC,9,mean,23.0,,Інв_№229_Щорічні_дані_про_режим_та_ресурси_вод_морів_і_морських.pdf,48
98022,water_temperature,degC,10,mean,15.8,,Інв_№229_Щорічні_дані_про_режим_та_ресурси_вод_морів_і_морських.pdf,48
98022,water_temperature,degC,11,mean,11.5,,Інв_№229_Щорічні_дані_про_режим_та_ресурси_вод_морів_і_морських.pdf,48
98022,water_temperature,degC,12,mean,4.5,,Інв_№229_Щорічні_дані_про_режим_та_ресурси_вод_морів_і_морських.pdf,48
98022,water_temperature,degC,1,max,5.1,,Інв_№229_Щорічні_дані_про_режим_та_ресурси_вод_морів_і_морських.pdf,48
98022,water_temperature,degC,2,max,3.2,,Інв_№229_Щорічні_дані_про_режим_та_ресурси_вод_морів_і_морських.pdf,48
98022,water_temperature,degC,3,max,8.8,,Інв_№229_Щорічні_дані_про_режим_та_ресурси_вод_морів_і_морських.pdf,48
98022,water_temperature,degC,4,max,12.9,,Інв_№229_Щорічні_дані_про_режим_та_ресурси_вод_морів_і_морських.pdf,48
98022,water_temperature,degC,5,max,20.2,,Інв_№229_Щорічні_дані_про_режим_та_ресурси_вод_морів_і_морських.pdf,48
98022,water_temperature,degC,6,max,25.7,,Інв_№229_Щорічні_дані_про_режим_та_ресурси_вод_морів_і_морських.pdf,48
98022,water_temperature,degC,7,max,26.6,,Інв_№229_Щорічні_дані_про_режим_та_ресурси_вод_морів_і_морських.pdf,48
98022,water_temperature,degC,8,max,28.1,,Інв_№229_Щорічні_дані_про_режим_та_ресурси_вод_морів_і_морських.pdf,48
98022,water_temperature,degC,9,max,27.4,,Інв_№229_Щорічні_дані_про_режим_та_ресурси_вод_морів_і_морських.pdf,48
98022,water_temperature,degC,10,max,21.3,,Інв_№229_Щорічні_дані_про_режим_та_ресурси_вод_морів_і_морських.pdf,48
98022,water_temperature,degC,11,max,16.6,,Інв_№229_Щорічні_дані_про_режим_та_ресурси_вод_морів_і_морських.pdf,48
98022,water_temperature,degC,12,max,6.1,,Інв_№229_Щорічні_дані_про_режим_та_ресурси_вод_морів_і_морських.pdf,48
98022,water_temperature,degC,1,min,2.0,,Інв_№229_Щорічні_дані_про_режим_та_ресурси_вод_морів_і_морських.pdf,48
98022,water_temperature,degC,2,min,0.8,,Інв_№229_Щорічні_дані_про_режим_та_ресурси_вод_морів_і_морських.pdf,48
98022,water_temperature,degC,3,min,2.6,,Інв_№229_Щорічні_дані_про_режим_та_ресурси_вод_морів_і_морських.pdf,48
98022,water_temperature,degC,4,min,7.8,,Інв_№229_Щорічні_дані_про_режим_та_ресурси_вод_морів_і_морських.pdf,48
98022,water_temperature,degC,5,min,11.2,,Інв_№229_Щорічні_дані_про_режим_та_ресурси_вод_морів_і_морських.pdf,48
98022,water_temperature,degC,6,min,18.6,,Інв_№229_Щорічні_дані_про_режим_та_ресурси_вод_морів_і_морських.pdf,48
98022,water_temperature,degC,7,min,22.9,,Інв_№229_Щорічні_дані_про_режим_та_ресурси_вод_морів_і_морських.pdf,48
98022,water_temperature,degC,8,min,24.0,,Інв_№229_Щорічні_дані_про_режим_та_ресурси_вод_морів_і_морських.pdf,48
98022,water_temperature,degC,9,min,20.1,,Інв_№229_Щорічні_дані_про_режим_та_ресурси_вод_морів_і_морських.pdf,48
98022,water_temperature,degC,10,min,12.5,,Інв_№229_Щорічні_дані_про_режим_та_ресурси_вод_морів_і_морських.pdf,48
98022,water_temperature,degC,11,min,5.2,,Інв_№229_Щорічні_дані_про_режим_та_ресурси_вод_морів_і_морських.pdf,48
98022,water_temperature,degC,12,min,3.6,,Інв_№229_Щорічні_дані_про_режим_та_ресурси_вод_морів_і_морських.pdf,48
98025,water_temperature,degC,1,mean,2.5,,Інв_№229_Щорічні_дані_про_режим_та_ресурси_вод_морів_і_морських.pdf,49
98025,water_temperature,degC,2,mean,1.7,,Інв_№229_Щорічні_дані_про_режим_та_ресурси_вод_морів_і_морських.pdf,49
98025,water_temperature,degC,3,mean,6.8,,Інв_№229_Щорічні_дані_про_режим_та_ресурси_вод_морів_і_морських.pdf,49
98025,water_temperature,degC,4,mean,11.3,,Інв_№229_Щорічні_дані_про_режим_та_ресурси_вод_морів_і_морських.pdf,49
98025,water_temperature,degC,5,mean,17.3,,Інв_№229_Щорічні_дані_про_режим_та_ресурси_вод_морів_і_морських.pdf,49
98025,water_temperature,degC,6,mean,22.6,,Інв_№229_Щорічні_дані_про_режим_та_ресурси_вод_морів_і_морських.pdf,49
98025,water_temperature,degC,7,mean,24.4,,Інв_№229_Щорічні_дані_про_режим_та_ресурси_вод_морів_і_морських.pdf,49
98025,water_temperature,degC,8,mean,25.7,,Інв_№229_Щорічні_дані_про_режим_та_ресурси_вод_морів_і_морських.pdf,49
98025,water_temperature,degC,9,mean,21.2,,Інв_№229_Щорічні_дані_про_режим_та_ресурси_вод_морів_і_морських.pdf,49
98025,water_temperature,degC,10,mean,15.8,,Інв_№229_Щорічні_дані_про_режим_та_ресурси_вод_морів_і_морських.pdf,49
98025,water_temperature,degC,11,mean,10.3,,Інв_№229_Щорічні_дані_про_режим_та_ресурси_вод_морів_і_морських.pdf,49
98025,water_temperature,degC,12,mean,4.2,,Інв_№229_Щорічні_дані_про_режим_та_ресурси_вод_морів_і_морських.pdf,49
98025,water_temperature,degC,1,max,5.2,,Інв_№229_Щорічні_дані_про_режим_та_ресурси_вод_морів_і_морських.pdf,49
98025,water_temperature,degC,2,max,4.9,,Інв_№229_Щорічні_дані_про_режим_та_ресурси_вод_морів_і_морських.pdf,49
98025,water_temperature,degC,3,max,11.1,,Інв_№229_Щорічні_дані_про_режим_та_ресурси_вод_морів_і_морських.pdf,49
98025,water_temperature,degC,4,max,14.3,,Інв_№229_Щорічні_дані_про_режим_та_ресурси_вод_морів_і_морських.pdf,49
98025,water_temperature,degC,5,max,23.0,,Інв_№229_Щорічні_дані_про_режим_та_ресурси_вод_морів_і_морських.pdf,49
98025,water_temperature,degC,6,max,26.1,,Інв_№229_Щорічні_дані_про_режим_та_ресурси_вод_морів_і_морських.pdf,49
98025,water_temperature,degC,7,max,29.1,,Інв_№229_Щорічні_дані_про_режим_та_ресурси_вод_морів_і_морських.pdf,49
98025,water_temperature,degC,8,max,30.3,,Інв_№229_Щорічні_дані_про_режим_та_ресурси_вод_морів_і_морських.pdf,49
98025,water_temperature,degC,9,max,27.1,,Інв_№229_Щорічні_дані_про_режим_та_ресурси_вод_морів_і_морських.pdf,49
98025,water_temperature,degC,10,max,20.2,,Інв_№229_Щорічні_дані_про_режим_та_ресурси_вод_морів_і_морських.pdf,49
98025,water_temperature,degC,11,max,17.3,,Інв_№229_Щорічні_дані_про_режим_та_ресурси_вод_морів_і_морських.pdf,49
98025,water_temperature,degC,12,max,5.7,,Інв_№229_Щорічні_дані_про_режим_та_ресурси_вод_морів_і_морських.pdf,49
98025,water_temperature,degC,1,min,0.0,,Інв_№229_Щорічні_дані_про_режим_та_ресурси_вод_морів_і_морських.pdf,49
98025,water_temperature,degC,2,min,-0.2,,Інв_№229_Щорічні_дані_про_режим_та_ресурси_вод_морів_і_морських.pdf,49
98025,water_temperature,degC,3,min,3.7,,Інв_№229_Щорічні_дані_про_режим_та_ресурси_вод_морів_і_морських.pdf,49
98025,water_temperature,degC,4,min,8.2,,Інв_№229_Щорічні_дані_про_режим_та_ресурси_вод_морів_і_морських.pdf,49
98025,water_temperature,degC,5,min,11.4,,Інв_№229_Щорічні_дані_про_режим_та_ресурси_вод_морів_і_морських.pdf,49
98025,water_temperature,degC,6,min,18.3,,Інв_№229_Щорічні_дані_про_режим_та_ресурси_вод_морів_і_морських.pdf,49
98025,water_temperature,degC,7,min,22.0,,Інв_№229_Щорічні_дані_про_режим_та_ресурси_вод_морів_і_морських.pdf,49
98025,water_temperature,degC,8,min,21.7,,Інв_№229_Щорічні_дані_про_режим_та_ресурси_вод_морів_і_морських.pdf,49
98025,water_temperature,degC,9,min,17.6,,Інв_№229_Щорічні_дані_про_режим_та_ресурси_вод_морів_і_морських.pdf,49
98025,water_temperature,degC,10,min,12.6,,Інв_№229_Щорічні_дані_про_режим_та_ресурси_вод_морів_і_морських.pdf,49
98025,water_temperature,degC,11,min,3.4,,Інв_№229_Щорічні_дані_про_режим_та_ресурси_вод_морів_і_морських.pdf,49
98025,water_temperature,degC,12,min,2.9,,Інв_№229_Щорічні_дані_про_режим_та_ресурси_вод_морів_і_морських.pdf,49
98022,salinity,ppt,1,mean,2.79,,Інв_№229_Щорічні_дані_про_режим_та_ресурси_вод_морів_і_морських.pdf,60
98022,salinity,ppt,2,mean,3.06,,Інв_№229_Щорічні_дані_про_режим_та_ресурси_вод_морів_і_морських.pdf,60
98022,salinity,ppt,3,mean,2.53,,Інв_№229_Щорічні_дані_про_режим_та_ресурси_вод_морів_і_морських.pdf,60
98022,salinity,ppt,4,mean,2.34,,Інв_№229_Щорічні_дані_про_режим_та_ресурси_вод_морів_і_морських.pdf,60
98022,salinity,ppt,5,mean,2.21,,Інв_№229_Щорічні_дані_про_режим_та_ресурси_вод_морів_і_морських.pdf,60
98022,salinity,ppt,6,mean,2.33,,Інв_№229_Щорічні_дані_про_режим_та_ресурси_вод_морів_і_морських.pdf,60
98022,salinity,ppt,7,mean,2.99,,Інв_№229_Щорічні_дані_про_режим_та_ресурси_вод_морів_і_морських.pdf,60
98022,salinity,ppt,8,mean,4.53,,Інв_№229_Щорічні_дані_про_режим_та_ресурси_вод_морів_і_морських.pdf,60
98022,salinity,ppt,9,mean,5.1,,Інв_№229_Щорічні_дані_про_режим_та_ресурси_вод_морів_і_морських.pdf,60
98022,salinity,ppt,10,mean,7.4,,Інв_№229_Щорічні_дані_про_режим_та_ресурси_вод_морів_і_морських.pdf,60
98022,salinity,ppt,11,mean,6.66,,Інв_№229_Щорічні_дані_про_режим_та_ресурси_вод_морів_і_морських.pdf,60
98022,salinity,ppt,12,mean,5.16,,Інв_№229_Щорічні_дані_про_режим_та_ресурси_вод_морів_і_морських.pdf,60
98022,salinity,ppt,1,max,5.57,,Інв_№229_Щорічні_дані_про_режим_та_ресурси_вод_морів_і_морських.pdf,60
98022,salinity,ppt,2,max,4.44,,Інв_№229_Щорічні_дані_про_режим_та_ресурси_вод_морів_і_морських.pdf,60
98022,salinity,ppt,3,max,3.42,,Інв_№229_Щорічні_дані_про_режим_та_ресурси_вод_морів_і_морських.pdf,60
98022,salinity,ppt,4,max,4.18,,Інв_№229_Щорічні_дані_про_режим_та_ресурси_вод_морів_і_морських.pdf,60
98022,salinity,ppt,5,max,4.0,,Інв_№229_Щорічні_дані_про_режим_та_ресурси_вод_морів_і_морських.pdf,60
98022,salinity,ppt,6,max,6.98,,Інв_№229_Щорічні_дані_про_режим_та_ресурси_вод_морів_і_морських.pdf,60
98022,salinity,ppt,7,max,5.54,,Інв_№229_Щорічні_дані_про_режим_та_ресурси_вод_морів_і_морських.pdf,60
98022,salinity,ppt,8,max,6.07,,Інв_№229_Щорічні_дані_про_режим_та_ресурси_вод_морів_і_морських.pdf,60
98022,salinity,ppt,9,max,8.58,,Інв_№229_Щорічні_дані_про_режим_та_ресурси_вод_морів_і_морських.pdf,60
98022,salinity,ppt,10,max,9.84,,Інв_№229_Щорічні_дані_про_режим_та_ресурси_вод_морів_і_морських.pdf,60
98022,salinity,ppt,11,max,12.77,,Інв_№229_Щорічні_дані_про_режим_та_ресурси_вод_морів_і_морських.pdf,60
98022,salinity,ppt,12,max,8.85,,Інв_№229_Щорічні_дані_про_режим_та_ресурси_вод_морів_і_морських.pdf,60
98022,salinity,ppt,1,min,1.8,<,Інв_№229_Щорічні_дані_про_режим_та_ресурси_вод_морів_і_морських.pdf,60
98022,salinity,ppt,2,min,1.93,,Інв_№229_Щорічні_дані_про_режим_та_ресурси_вод_морів_і_морських.pdf,60
98022,salinity,ppt,3,min,1.8,<,Інв_№229_Щорічні_дані_про_режим_та_ресурси_вод_морів_і_морських.pdf,60
98022,salinity,ppt,4,min,1.8,<,Інв_№229_Щорічні_дані_про_режим_та_ресурси_вод_морів_і_морських.pdf,60
98022,salinity,ppt,5,min,1.8,<,Інв_№229_Щорічні_дані_про_режим_та_ресурси_вод_морів_і_морських.pdf,60
98022,salinity,ppt,6,min,1.8,<,Інв_№229_Щорічні_дані_про_режим_та_ресурси_вод_морів_і_морських.pdf,60
98022,salinity,ppt,7,min,1.91,,Інв_№229_Щорічні_дані_про_режим_та_ресурси_вод_морів_і_морських.pdf,60
98022,salinity,ppt,8,min,3.21,,Інв_№229_Щорічні_дані_про_режим_та_ресурси_вод_морів_і_морських.pdf,60
98022,salinity,ppt,9,min,1.8,<,Інв_№229_Щорічні_дані_про_режим_та_ресурси_вод_морів_і_морських.pdf,60
98022,salinity,ppt,10,min,3.63,,Інв_№229_Щорічні_дані_про_режим_та_ресурси_вод_морів_і_морських.pdf,60
98022,salinity,ppt,11,min,3.84,,Інв_№229_Щорічні_дані_про_режим_та_ресурси_вод_морів_і_морських.pdf,60
98022,salinity,ppt,12,min,2.01,,Інв_№229_Щорічні_дані_про_режим_та_ресурси_вод_морів_і_морських.pdf,60
98025,salinity,ppt,1,mean,2.38,,Інв_№229_Щорічні_дані_про_режим_та_ресурси_вод_морів_і_морських.pdf,61
98025,salinity,ppt,2,mean,3.11,,Інв_№229_Щорічні_дані_про_режим_та_ресурси_вод_морів_і_морських.pdf,61
98025,salinity,ppt,3,mean,2.78,,Інв_№229_Щорічні_дані_про_режим_та_ресурси_вод_морів_і_морських.pdf,61
98025,salinity,ppt,4,mean,2.29,,Інв_№229_Щорічні_дані_про_режим_та_ресурси_вод_морів_і_морських.pdf,61
98025,salinity,ppt,5,mean,2.23,,Інв_№229_Щорічні_дані_про_режим_та_ресурси_вод_морів_і_морських.pdf,61
98025,salinity,ppt,6,mean,1.63,,Інв_№229_Щорічні_дані_про_режим_та_ресурси_вод_морів_і_морських.pdf,61
98025,salinity,ppt,7,mean,2.83,,Інв_№229_Щорічні_дані_про_режим_та_ресурси_вод_морів_і_морських.pdf,61
98025,salinity,ppt,8,mean,3.33,,Інв_№229_Щорічні_дані_про_режим_та_ресурси_вод_морів_і_морських.pdf,61
98025,salinity,ppt,9,mean,4.55,,Інв_№229_Щорічні_дані_про_режим_та_ресурси_вод_морів_і_морських.pdf,61
98025,salinity,ppt,10,mean,5.18,,Інв_№229_Щорічні_дані_про_режим_та_ресурси_вод_морів_і_морських.pdf,61
98025,salinity,ppt,11,mean,3.45,,Інв_№229_Щорічні_дані_про_режим_та_ресурси_вод_морів_і_морських.pdf,61
98025,salinity,ppt,12,mean,2.6,,Інв_№229_Щорічні_дані_про_режим_та_ресурси_вод_морів_і_морських.pdf,61
98025,salinity,ppt,1,max,4.43,,Інв_№229_Щорічні_дані_про_режим_та_ресурси_вод_морів_і_морських.pdf,61
98025,salinity,ppt,2,max,6.37,,Інв_№229_Щорічні_дані_про_режим_та_ресурси_вод_морів_і_морських.pdf,61
98025,salinity,ppt,3,max,4.0,,Інв_№229_Щорічні_дані_про_режим_та_ресурси_вод_морів_і_морських.pdf,61
98025,salinity,ppt,4,max,3.63,,Інв_№229_Щорічні_дані_про_режим_та_ресурси_вод_морів_і_морських.pdf,61
98025,salinity,ppt,5,max,3.63,,Інв_№229_Щорічні_дані_про_режим_та_ресурси_вод_морів_і_морських.pdf,61
98025,salinity,ppt,6,max,3.89,,Інв_№229_Щорічні_дані_про_режим_та_ресурси_вод_морів_і_морських.pdf,61
98025,salinity,ppt,7,max,4.29,,Інв_№229_Щорічні_дані_про_режим_та_ресурси_вод_морів_і_морських.pdf,61
98025,salinity,ppt,8,max,4.72,,Інв_№229_Щорічні_дані_про_режим_та_ресурси_вод_морів_і_морських.pdf,61
98025,salinity,ppt,9,max,6.5,,Інв_№229_Щорічні_дані_про_режим_та_ресурси_вод_морів_і_морських.pdf,61
98025,salinity,ppt,10,max,7.66,,Інв_№229_Щорічні_дані_про_режим_та_ресурси_вод_морів_і_морських.pdf,61
98025,salinity,ppt,11,max,5.08,,Інв_№229_Щорічні_дані_про_режим_та_ресурси_вод_морів_і_морських.pdf,61
98025,salinity,ppt,12,max,4.16,,Інв_№229_Щорічні_дані_про_режим_та_ресурси_вод_морів_і_морських.pdf,61
98025,salinity,ppt,1,min,1.13,,Інв_№229_Щорічні_дані_про_режим_та_ресурси_вод_морів_і_морських.pdf,61
98025,salinity,ppt,2,min,1.38,,Інв_№229_Щорічні_дані_про_режим_та_ресурси_вод_морів_і_морських.pdf,61
98025,salinity,ppt,3,min,1.29,,Інв_№229_Щорічні_дані_про_режим_та_ресурси_вод_морів_і_морських.pdf,61
98025,salinity,ppt,4,min,1.2,,Інв_№229_Щорічні_дані_про_режим_та_ресурси_вод_морів_і_морських.pdf,61
98025,salinity,ppt,5,min,1.2,,Інв_№229_Щорічні_дані_про_режим_та_ресурси_вод_морів_і_морських.pdf,61
98025,salinity,ppt,6,min,0.63,,Інв_№229_Щорічні_дані_про_режим_та_ресурси_вод_морів_і_морських.pdf,61
98025,salinity,ppt,7,min,1.2,,Інв_№229_Щорічні_дані_про_режим_та_ресурси_вод_морів_і_морських.pdf,61
98025,salinity,ppt,8,min,1.94,,Інв_№229_Щорічні_дані_про_режим_та_ресурси_вод_морів_і_морських.pdf,61
98025,salinity,ppt,9,min,2.87,,Інв_№229_Щорічні_дані_про_режим_та_ресурси_вод_морів_і_морських.pdf,61
98025,salinity,ppt,10,min,2.3,,Інв_№229_Щорічні_дані_про_режим_та_ресурси_вод_морів_і_морських.pdf,61
98025,salinity,ppt,11,min,1.65,,Інв_№229_Щорічні_дані_про_режим_та_ресурси_вод_морів_і_морських.pdf,61
98025,salinity,ppt,12,min,1.65,,Інв_№229_Щорічні_дані_про_режим_та_ресурси_вод_морів_і_морських.pdf,61
80805,water_level,cm,1,mean,508.0,,Інв_№230_Щорічні_дані_про_режим_та_ресурси_вод_морів_і_морських.pdf,162
80805,water_level,cm,2,mean,507.0,,Інв_№230_Щорічні_дані_про_режим_та_ресурси_вод_морів_і_морських.pdf,162
80805,water_level,cm,3,mean,517.0,,Інв_№230_Щорічні_дані_про_режим_та_ресурси_вод_морів_і_морських.pdf,162
80805,water_level,cm,4,mean,526.0,,Інв_№230_Щорічні_дані_про_режим_та_ресурси_вод_морів_і_морських.pdf,162
80805,water_level,cm,5,mean,537.0,,Інв_№230_Щорічні_дані_про_режим_та_ресурси_вод_морів_і_морських.pdf,162
80805,water_level,cm,7,mean,514.0,?,Інв_№230_Щорічні_дані_про_режим_та_ресурси_вод_морів_і_морських.pdf,162
80805,water_level,cm,8,mean,505.0,,Інв_№230_Щорічні_дані_про_режим_та_ресурси_вод_морів_і_морських.pdf,162
80805,water_level,cm,9,mean,492.0,,Інв_№230_Щорічні_дані_про_режим_та_ресурси_вод_морів_і_морських.pdf,162
80805,water_level,cm,10,mean,491.0,,Інв_№230_Щорічні_дані_про_режим_та_ресурси_вод_морів_і_морських.pdf,162
80805,water_level,cm,11,mean,503.0,,Інв_№230_Щорічні_дані_про_режим_та_ресурси_вод_морів_і_морських.pdf,162
80805,water_level,cm,12,mean,517.0,,Інв_№230_Щорічні_дані_про_режим_та_ресурси_вод_морів_і_морських.pdf,162
80805,water_level,cm,1,max,544.0,,Інв_№230_Щорічні_дані_про_режим_та_ресурси_вод_морів_і_морських.pdf,162
80805,water_level,cm,2,max,531.0,,Інв_№230_Щорічні_дані_про_режим_та_ресурси_вод_морів_і_морських.pdf,162
80805,water_level,cm,3,max,557.0,,Інв_№230_Щорічні_дані_про_режим_та_ресурси_вод_морів_і_морських.pdf,162
80805,water_level,cm,4,max,542.0,,Інв_№230_Щорічні_дані_про_режим_та_ресурси_вод_морів_і_морських.pdf,162
80805,water_level,cm,5,max,545.0,,Інв_№230_Щорічні_дані_про_режим_та_ресурси_вод_морів_і_морських.pdf,162
80805,water_level,cm,6,max,1068.0,?/,Інв_№230_Щорічні_дані_про_режим_та_ресурси_вод_морів_і_морських.pdf,162
80805,water_level,cm,7,max,535.0,?,Інв_№230_Щорічні_дані_про_режим_та_ресурси_вод_морів_і_морських.pdf,162
80805,water_level,cm,8,max,540.0,,Інв_№230_Щорічні_дані_про_режим_та_ресурси_вод_морів_і_морських.pdf,162
80805,water_level,cm,9,max,515.0,,Інв_№230_Щорічні_дані_про_режим_та_ресурси_вод_морів_і_морських.pdf,162
80805,water_level,cm,10,max,527.0,,Інв_№230_Щорічні_дані_про_режим_та_ресурси_вод_морів_і_морських.pdf,162
80805,water_level,cm,11,max,566.0,,Інв_№230_Щорічні_дані_про_режим_та_ресурси_вод_морів_і_морських.pdf,162
80805,water_level,cm,12,max,552.0,,Інв_№230_Щорічні_дані_про_режим_та_ресурси_вод_морів_і_морських.pdf,162
80805,water_level,cm,1,min,476.0,,Інв_№230_Щорічні_дані_про_режим_та_ресурси_вод_морів_і_морських.pdf,162
80805,water_level,cm,2,min,476.0,,Інв_№230_Щорічні_дані_про_режим_та_ресурси_вод_морів_і_морських.pdf,162
80805,water_level,cm,3,min,498.0,,Інв_№230_Щорічні_дані_про_режим_та_ресурси_вод_морів_і_морських.pdf,162
80805,water_level,cm,4,min,501.0,,Інв_№230_Щорічні_дані_про_режим_та_ресурси_вод_морів_і_морських.pdf,162
80805,water_level,cm,5,min,525.0,,Інв_№230_Щорічні_дані_про_режим_та_ресурси_вод_морів_і_морських.pdf,162
80805,water_level,cm,6,min,520.0,?**,Інв_№230_Щорічні_дані_про_режим_та_ресурси_вод_морів_і_морських.pdf,162
80805,water_level,cm,7,min,491.0,?,Інв_№230_Щорічні_дані_про_режим_та_ресурси_вод_морів_і_морських.pdf,162
80805,water_level,cm,8,min,486.0,,Інв_№230_Щорічні_дані_про_режим_та_ресурси_вод_морів_і_морських.pdf,162
80805,water_level,cm,9,min,460.0,,Інв_№230_Щорічні_дані_про_режим_та_ресурси_вод_морів_і_морських.pdf,162
80805,water_level,cm,10,min,471.0,,Інв_№230_Щорічні_дані_про_режим_та_ресурси_вод_морів_і_морських.pdf,162
80805,water_level,cm,11,min,432.0,,Інв_№230_Щорічні_дані_про_режим_та_ресурси_вод_морів_і_морських.pdf,162
80805,water_level,cm,12,min,482.0,,Інв_№230_Щорічні_дані_про_режим_та_ресурси_вод_морів_і_морських.pdf,162
80807,water_level,cm,1,mean,489.0,,Інв_№230_Щорічні_дані_про_режим_та_ресурси_вод_морів_і_морських.pdf,163
80807,water_level,cm,2,mean,490.0,,Інв_№230_Щорічні_дані_про_режим_та_ресурси_вод_морів_і_морських.pdf,163
80807,water_level,cm,3,mean,497.0,?,Інв_№230_Щорічні_дані_про_режим_та_ресурси_вод_морів_і_морських.pdf,163
80807,water_level,cm,4,mean,503.0,?,Інв_№230_Щорічні_дані_про_режим_та_ресурси_вод_морів_і_морських.pdf,163
80807,water_level,cm,5,mean,506.0,,Інв_№230_Щорічні_дані_про_режим_та_ресурси_вод_морів_і_морських.pdf,163
80807,water_level,cm,7,mean,510.0,,Інв_№230_Щорічні_дані_про_режим_та_ресурси_вод_морів_і_морських.pdf,163
80807,water_level,cm,1,max,527.0,,Інв_№230_Щорічні_дані_про_режим_та_ресурси_вод_морів_і_морських.pdf,163
80807,water_level,cm,2,max,529.0,,Інв_№230_Щорічні_дані_про_режим_та_ресурси_вод_морів_і_морських.pdf,163
80807,water_level,cm,3,max,536.0,?,Інв_№230_Щорічні_дані_про_режим_та_ресурси_вод_морів_і_морських.pdf,163
80807,water_level,cm,4,max,528.0,?,Інв_№230_Щорічні_дані_про_режим_та_ресурси_вод_морів_і_морських.pdf,163
80807,water_level,cm,5,max,522.0,,Інв_№230_Щорічні_дані_про_режим_та_ресурси_вод_морів_і_морських.pdf,163
80807,water_level,cm,6,max,645.0,?/,Інв_№230_Щорічні_дані_про_режим_та_ресурси_вод_морів_і_морських.pdf,163
80807,water_level,cm,7,max,536.0,,Інв_№230_Щорічні_дані_про_режим_та_ресурси_вод_морів_і_морських.pdf,163
80807,water_level,cm,1,min,450.0,,Інв_№230_Щорічні_дані_про_режим_та_ресурси_вод_морів_і_морських.pdf,163
80807,water_level,cm,2,min,454.0,,Інв_№230_Щорічні_дані_про_режим_та_ресурси_вод_морів_і_морських.pdf,163
80807,water_level,cm,3,min,474.0,,Інв_№230_Щорічні_дані_про_режим_та_ресурси_вод_морів_і_морських.pdf,163
80807,water_level,cm,4,min,475.0,?,Інв_№230_Щорічні_дані_про_режим_та_ресурси_вод_морів_і_морських.pdf,163
80807,water_level,cm,5,min,494.0,,Інв_№230_Щорічні_дані_про_режим_та_ресурси_вод_морів_і_морських.pdf,163
80807,water_level,cm,6,min,494.0,?,Інв_№230_Щорічні_дані_про_режим_та_ресурси_вод_морів_і_морських.pdf,163
80807,water_level,cm,7,min,490.0,,Інв_№230_Щорічні_дані_про_режим_та_ресурси_вод_морів_і_морських.pdf,163
81801,water_level,cm,1,mean,366.0,,Інв_№230_Щорічні_дані_про_режим_та_ресурси_вод_морів_і_морських.pdf,164
81801,water_level,cm,2,mean,357.0,,Інв_№230_Щорічні_дані_про_режим_та_ресурси_вод_морів_і_морських.pdf,164
81801,water_level,cm,3,mean,371.0,,Інв_№230_Щорічні_дані_про_режим_та_ресурси_вод_морів_і_морських.pdf,164
81801,water_level,cm,4,mean,404.0,,Інв_№230_Щорічні_дані_про_режим_та_ресурси_вод_морів_і_морських.pdf,164
81801,water_level,cm,5,mean,388.0,,Інв_№230_Щорічні_дані_про_режим_та_ресурси_вод_морів_і_морських.pdf,164
81801,water_level,cm,6,mean,418.0,,Інв_№230_Щорічні_дані_про_режим_та_ресурси_вод_морів_і_морських.pdf,164
81801,water_level,cm,7,mean,381.0,,Інв_№230_Щорічні_дані_про_режим_та_ресурси_вод_морів_і_морських.pdf,164
81801,water_level,cm,8,mean,363.0,,Інв_№230_Щорічні_дані_про_режим_та_ресурси_вод_морів_і_морських.pdf,164
81801,water_level,cm,9,mean,348.0,,Інв_№230_Щорічні_дані_про_режим_та_ресурси_вод_морів_і_морських.pdf,164
81801,water_level,cm,10,mean,343.0,,Інв_№230_Щорічні_дані_про_режим_та_ресурси_вод_морів_і_морських.pdf,164
81801,water_level,cm,11,mean,348.0,,Інв_№230_Щорічні_дані_про_режим_та_ресурси_вод_морів_і_морських.pdf,164
81801,water_level,cm,12,mean,363.0,,Інв_№230_Щорічні_дані_про_режим_та_ресурси_вод_морів_і_морських.pdf,164
81801,water_level,cm,1,max,400.0,,Інв_№230_Щорічні_дані_про_режим_та_ресурси_вод_морів_і_морських.pdf,164
81801,water_level,cm,2,max,377.0,,Інв_№230_Щорічні_дані_про_режим_та_ресурси_вод_морів_і_морських.pdf,164
81801,water_level,cm,3,max,440.0,,Інв_№230_Щорічні_дані_про_режим_та_ресурси_вод_морів_і_морських.pdf,164
81801,water_level,cm,4,max,447.0,,Інв_№230_Щорічні_дані_про_режим_та_ресурси_вод_морів_і_морських.pdf,164
81801,water_level,cm,5,max,450.0,,Інв_№230_Щорічні_дані_про_режим_та_ресурси_вод_морів_і_морських.pdf,164
81801,water_level,cm,6,max,515.0,/,Інв_№230_Щорічні_дані_про_режим_та_ресурси_вод_морів_і_морських.pdf,164
81801,water_level,cm,7,max,440.0,,Інв_№230_Щорічні_дані_про_режим_та_ресурси_вод_морів_і_морських.pdf,164
81801,water_level,cm,8,max,440.0,,Інв_№230_Щорічні_дані_про_режим_та_ресурси_вод_морів_і_морських.pdf,164
81801,water_level,cm,9,max,359.0,,Інв_№230_Щорічні_дані_про_режим_та_ресурси_вод_морів_і_морських.pdf,164
81801,water_level,cm,10,max,416.0,,Інв_№230_Щорічні_дані_про_режим_та_ресурси_вод_морів_і_морських.pdf,164
81801,water_level,cm,11,max,380.0,,Інв_№230_Щорічні_дані_про_режим_та_ресурси_вод_морів_і_морських.pdf,164
81801,water_level,cm,12,max,405.0,,Інв_№230_Щорічні_дані_про_режим_та_ресурси_вод_морів_і_морських.pdf,164
81801,water_level,cm,1,min,350.0,,Інв_№230_Щорічні_дані_про_режим_та_ресурси_вод_морів_і_морських.pdf,164
81801,water_level,cm,2,min,345.0,,Інв_№230_Щорічні_дані_про_режим_та_ресурси_вод_морів_і_морських.pdf,164
81801,water_level,cm,3,min,350.0,,Інв_№230_Щорічні_дані_про_режим_та_ресурси_вод_морів_і_морських.pdf,164
81801,water_level,cm,4,min,340.0,,Інв_№230_Щорічні_дані_про_режим_та_ресурси_вод_морів_і_морських.pdf,164
81801,water_level,cm,5,min,360.0,,Інв_№230_Щорічні_дані_про_режим_та_ресурси_вод_морів_і_морських.pdf,164
81801,water_level,cm,6,min,360.0,,Інв_№230_Щорічні_дані_про_режим_та_ресурси_вод_морів_і_морських.pdf,164
81801,water_level,cm,7,min,345.0,,Інв_№230_Щорічні_дані_про_режим_та_ресурси_вод_морів_і_морських.pdf,164
81801,water_level,cm,8,min,347.0,,Інв_№230_Щорічні_дані_про_режим_та_ресурси_вод_морів_і_морських.pdf,164
81801,water_level,cm,9,min,335.0,,Інв_№230_Щорічні_дані_про_режим_та_ресурси_вод_морів_і_морських.pdf,164
81801,water_level,cm,10,min,324.0,,Інв_№230_Щорічні_дані_про_режим_та_ресурси_вод_морів_і_морських.pdf,164
81801,water_level,cm,11,min,320.0,,Інв_№230_Щорічні_дані_про_режим_та_ресурси_вод_морів_і_морських.pdf,164
81801,water_level,cm,12,min,329.0,,Інв_№230_Щорічні_дані_про_режим_та_ресурси_вод_морів_і_морських.pdf,164
98027,water_level,cm,1,mean,489.0,,Інв_№230_Щорічні_дані_про_режим_та_ресурси_вод_морів_і_морських.pdf,165
98027,water_level,cm,2,mean,485.0,,Інв_№230_Щорічні_дані_про_режим_та_ресурси_вод_морів_і_морських.pdf,165
98027,water_level,cm,3,mean,495.0,?,Інв_№230_Щорічні_дані_про_режим_та_ресурси_вод_морів_і_морських.pdf,165
98027,water_level,cm,4,mean,498.0,,Інв_№230_Щорічні_дані_про_режим_та_ресурси_вод_морів_і_морських.pdf,165
98027,water_level,cm,5,mean,501.0,,Інв_№230_Щорічні_дані_про_режим_та_ресурси_вод_морів_і_морських.pdf,165
98027,water_level,cm,7,mean,508.0,,Інв_№230_Щорічні_дані_про_режим_та_ресурси_вод_морів_і_морських.pdf,165
98027,water_level,cm,8,mean,496.0,,Інв_№230_Щорічні_дані_про_режим_та_ресурси_вод_морів_і_морських.pdf,165
98027,water_level,cm,9,mean,485.0,?,Інв_№230_Щорічні_дані_про_режим_та_ресурси_вод_морів_і_морських.pdf,165
98027,water_level,cm,10,mean,484.0,,Інв_№230_Щорічні_дані_про_режим_та_ресурси_вод_морів_і_морських.pdf,165
98027,water_level,cm,11,mean,490.0,?,Інв_№230_Щорічні_дані_про_режим_та_ресурси_вод_морів_і_морських.pdf,165
98027,water_level,cm,12,mean,507.0,,Інв_№230_Щорічні_дані_про_режим_та_ресурси_вод_морів_і_морських.pdf,165
98027,water_level,cm,1,max,527.0,,Інв_№230_Щорічні_дані_про_режим_та_ресурси_вод_морів_і_морських.pdf,165
98027,water_level,cm,2,max,521.0,,Інв_№230_Щорічні_дані_про_режим_та_ресурси_вод_морів_і_морських.pdf,165
98027,water_level,cm,3,max,529.0,?,Інв_№230_Щорічні_дані_про_режим_та_ресурси_вод_морів_і_морських.pdf,165
98027,water_level,cm,4,max,532.0,,Інв_№230_Щорічні_дані_про_режим_та_ресурси_вод_морів_і_морських.pdf,165
98027,water_level,cm,5,max,516.0,,Інв_№230_Щорічні_дані_про_режим_та_ресурси_вод_морів_і_морських.pdf,165
98027,water_level,cm,6,max,602.0,/,Інв_№230_Щорічні_дані_про_режим_та_ресурси_вод_морів_і_морських.pdf,165
98027,water_level,cm,7,max,547.0,,Інв_№230_Щорічні_дані_про_режим_та_ресурси_вод_морів_і_морських.pdf,165
98027,water_level,cm,8,max,527.0,,Інв_№230_Щорічні_дані_про_режим_та_ресурси_вод_морів_і_морських.pdf,165
98027,water_level,cm,9,max,513.0,,Інв_№230_Щорічні_дані_про_режим_та_ресурси_вод_морів_і_морських.pdf,165
98027,water_level,cm,10,max,525.0,,Інв_№230_Щорічні_дані_про_режим_та_ресурси_вод_морів_і_морських.pdf,165
98027,water_level,cm,11,max,580.0,,Інв_№230_Щорічні_дані_про_режим_та_ресурси_вод_морів_і_морських.pdf,165
98027,water_level,cm,12,max,552.0,,Інв_№230_Щорічні_дані_про_режим_та_ресурси_вод_морів_і_морських.pdf,165
98027,water_level,cm,1,min,459.0,,Інв_№230_Щорічні_дані_про_режим_та_ресурси_вод_морів_і_морських.pdf,165
98027,water_level,cm,2,min,435.0,,Інв_№230_Щорічні_дані_про_режим_та_ресурси_вод_морів_і_морських.pdf,165
98027,water_level,cm,3,min,467.0,,Інв_№230_Щорічні_дані_про_режим_та_ресурси_вод_морів_і_морських.pdf,165
98027,water_level,cm,4,min,462.0,,Інв_№230_Щорічні_дані_про_режим_та_ресурси_вод_морів_і_морських.pdf,165
98027,water_level,cm,5,min,476.0,,Інв_№230_Щорічні_дані_про_режим_та_ресурси_вод_морів_і_морських.pdf,165
98027,water_level,cm,6,min,474.0,,Інв_№230_Щорічні_дані_про_режим_та_ресурси_вод_морів_і_морських.pdf,165
98027,water_level,cm,7,min,467.0,,Інв_№230_Щорічні_дані_про_режим_та_ресурси_вод_морів_і_морських.pdf,165
98027,water_level,cm,8,min,472.0,,Інв_№230_Щорічні_дані_про_режим_та_ресурси_вод_морів_і_морських.pdf,165
98027,water_level,cm,9,min,458.0,,Інв_№230_Щорічні_дані_про_режим_та_ресурси_вод_морів_і_морських.pdf,165
98027,water_level,cm,10,min,444.0,,Інв_№230_Щорічні_дані_про_режим_та_ресурси_вод_морів_і_морських.pdf,165
98027,water_level,cm,11,min,378.0,?,Інв_№230_Щорічні_дані_про_режим_та_ресурси_вод_морів_і_морських.pdf,165
98027,water_level,cm,12,min,471.0,,Інв_№230_Щорічні_дані_про_режим_та_ресурси_вод_морів_і_морських.pdf,165
98022,water_level,cm,1,mean,482.0,,Інв_№230_Щорічні_дані_про_режим_та_ресурси_вод_морів_і_морських.pdf,166
98022,water_level,cm,2,mean,474.0,,Інв_№230_Щорічні_дані_про_режим_та_ресурси_вод_морів_і_морських.pdf,166
98022,water_level,cm,3,mean,483.0,,Інв_№230_Щорічні_дані_про_режим_та_ресурси_вод_морів_і_морських.pdf,166
98022,water_level,cm,4,mean,485.0,,Інв_№230_Щорічні_дані_про_режим_та_ресурси_вод_морів_і_морських.pdf,166
98022,water_level,cm,5,mean,495.0,,Інв_№230_Щорічні_дані_про_режим_та_ресурси_вод_морів_і_морських.pdf,166
98022,water_level,cm,7,mean,495.0,,Інв_№230_Щорічні_дані_про_режим_та_ресурси_вод_морів_і_морських.pdf,166
98022,water_level,cm,8,mean,487.0,,Інв_№230_Щорічні_дані_про_режим_та_ресурси_вод_морів_і_морських.pdf,166
98022,water_level,cm,9,mean,479.0,,Інв_№230_Щорічні_дані_про_режим_та_ресурси_вод_морів_і_морських.pdf,166
98022,water_level,cm,10,mean,481.0,,Інв_№230_Щорічні_дані_про_режим_та_ресурси_вод_морів_і_морських.pdf,166
98022,water_level,cm,11,mean,480.0,,Інв_№230_Щорічні_дані_про_режим_та_ресурси_вод_морів_і_морських.pdf,166
98022,water_level,cm,12,mean,491.0,,Інв_№230_Щорічні_дані_про_режим_та_ресурси_вод_морів_і_морських.pdf,166
98022,water_level,cm,1,max,508.0,,Інв_№230_Щорічні_дані_про_режим_та_ресурси_вод_морів_і_морських.pdf,166
98022,water_level,cm,2,max,504.0,,Інв_№230_Щорічні_дані_про_режим_та_ресурси_вод_морів_і_морських.pdf,166
98022,water_level,cm,3,max,507.0,,Інв_№230_Щорічні_дані_про_режим_та_ресурси_вод_морів_і_морських.pdf,166
98022,water_level,cm,4,max,506.0,,Інв_№230_Щорічні_дані_про_режим_та_ресурси_вод_морів_і_морських.pdf,166
98022,water_level,cm,5,max,508.0,,Інв_№230_Щорічні_дані_про_режим_та_ресурси_вод_морів_і_морських.pdf,166
98022,water_level,cm,6,max,573.0,/,Інв_№230_Щорічні_дані_про_режим_та_ресурси_вод_морів_і_морських.pdf,166
98022,water_level,cm,7,max,516.0,,Інв_№230_Щорічні_дані_про_режим_та_ресурси_вод_морів_і_морських.pdf,166
98022,water_level,cm,8,max,512.0,,Інв_№230_Щорічні_дані_про_режим_та_ресурси_вод_морів_і_морських.pdf,166
98022,water_level,cm,9,max,498.0,,Інв_№230_Щорічні_дані_про_режим_та_ресурси_вод_морів_і_морських.pdf,166
98022,water_level,cm,10,max,513.0,,Інв_№230_Щорічні_дані_про_режим_та_ресурси_вод_морів_і_морських.pdf,166
98022,water_level,cm,11,max,519.0,,Інв_№230_Щорічні_дані_про_режим_та_ресурси_вод_морів_і_морських.pdf,166
98022,water_level,cm,12,max,525.0,,Інв_№230_Щорічні_дані_про_режим_та_ресурси_вод_морів_і_морських.pdf,166
98022,water_level,cm,1,min,451.0,,Інв_№230_Щорічні_дані_про_режим_та_ресурси_вод_морів_і_морських.pdf,166
98022,water_level,cm,2,min,451.0,,Інв_№230_Щорічні_дані_про_режим_та_ресурси_вод_морів_і_морських.pdf,166
98022,water_level,cm,3,min,463.0,,Інв_№230_Щорічні_дані_про_режим_та_ресурси_вод_морів_і_морських.pdf,166
98022,water_level,cm,4,min,455.0,,Інв_№230_Щорічні_дані_про_режим_та_ресурси_вод_морів_і_морських.pdf,166
98022,water_level,cm,5,min,469.0,,Інв_№230_Щорічні_дані_про_режим_та_ресурси_вод_морів_і_морських.pdf,166
98022,water_level,cm,6,min,473.0,,Інв_№230_Щорічні_дані_про_режим_та_ресурси_вод_морів_і_морських.pdf,166
98022,water_level,cm,7,min,461.0,,Інв_№230_Щорічні_дані_про_режим_та_ресурси_вод_морів_і_морських.pdf,166
98022,water_level,cm,8,min,448.0,,Інв_№230_Щорічні_дані_про_режим_та_ресурси_вод_морів_і_морських.pdf,166
98022,water_level,cm,9,min,455.0,,Інв_№230_Щорічні_дані_про_режим_та_ресурси_вод_морів_і_морських.pdf,166
98022,water_level,cm,10,min,447.0,,Інв_№230_Щорічні_дані_про_режим_та_ресурси_вод_морів_і_морських.pdf,166
98022,water_level,cm,11,min,444.0,,Інв_№230_Щорічні_дані_про_режим_та_ресурси_вод_морів_і_морських.pdf,166
98022,water_level,cm,12,min,474.0,,Інв_№230_Щорічні_дані_про_режим_та_ресурси_вод_морів_і_морських.pdf,166
98032,water_level,cm,1,mean,487.0,,Інв_№230_Щорічні_дані_про_режим_та_ресурси_вод_морів_і_морських.pdf,167
98032,water_level,cm,2,mean,,-,Інв_№230_Щорічні_дані_про_режим_та_ресурси_вод_морів_і_морських.pdf,167
98032,water_level,cm,3,mean,493.0,,Інв_№230_Щорічні_дані_про_режим_та_ресурси_вод_морів_і_морських.pdf,167
98032,water_level,cm,4,mean,499.0,,Інв_№230_Щорічні_дані_про_режим_та_ресурси_вод_морів_і_морських.pdf,167
98032,water_level,cm,5,mean,,-,Інв_№230_Щорічні_дані_про_режим_та_ресурси_вод_морів_і_морських.pdf,167
98032,water_level,cm,1,max,511.0,,Інв_№230_Щорічні_дані_про_режим_та_ресурси_вод_морів_і_морських.pdf,167
98032,water_level,cm,2,max,494.0,?,Інв_№230_Щорічні_дані_про_режим_та_ресурси_вод_морів_і_морських.pdf,167
98032,water_level,cm,3,max,518.0,,Інв_№230_Щорічні_дані_про_режим_та_ресурси_вод_морів_і_морських.pdf,167
98032,water_level,cm,4,max,516.0,,Інв_№230_Щорічні_дані_про_режим_та_ресурси_вод_морів_і_морських.pdf,167
98032,water_level,cm,5,max,,-,Інв_№230_Щорічні_дані_про_режим_та_ресурси_вод_морів_і_морських.pdf,167
98032,water_level,cm,1,min,461.0,,Інв_№230_Щорічні_дані_про_режим_та_ресурси_вод_морів_і_морських.pdf,167
98032,water_level,cm,2,min,456.0,?,Інв_№230_Щорічні_дані_про_режим_та_ресурси_вод_морів_і_морських.pdf,167
98032,water_level,cm,3,min,476.0,,Інв_№230_Щорічні_дані_про_режим_та_ресурси_вод_морів_і_морських.pdf,167
98032,water_level,cm,4,min,474.0,,Інв_№230_Щорічні_дані_про_режим_та_ресурси_вод_морів_і_морських.pdf,167
98032,water_level,cm,5,min,,-,Інв_№230_Щорічні_дані_про_режим_та_ресурси_вод_морів_і_морських.pdf,167
98025,water_level,cm,1,mean,490.0,,Інв_№230_Щорічні_дані_про_режим_та_ресурси_вод_морів_і_морських.pdf,168
98025,water_level,cm,2,mean,486.0,,Інв_№230_Щорічні_дані_про_режим_та_ресурси_вод_морів_і_морських.pdf,168
98025,water_level,cm,3,mean,494.0,,Інв_№230_Щорічні_дані_про_режим_та_ресурси_вод_морів_і_морських.pdf,168
98025,water_level,cm,4,mean,499.0,,Інв_№230_Щорічні_дані_про_режим_та_ресурси_вод_морів_і_морських.pdf,168
98025,water_level,cm,5,mean,502.0,,Інв_№230_Щорічні_дані_про_режим_та_ресурси_вод_морів_і_морських.pdf,168
98025,water_level,cm,7,mean,504.0,,Інв_№230_Щорічні_дані_про_режим_та_ресурси_вод_морів_і_морських.pdf,168
98025,water_level,cm,8,mean,494.0,,Інв_№230_Щорічні_дані_про_режим_та_ресурси_вод_морів_і_морських.pdf,168
98025,water_level,cm,9,mean,485.0,,Інв_№230_Щорічні_дані_про_режим_та_ресурси_вод_морів_і_морських.pdf,168
98025,water_level,cm,10,mean,481.0,,Інв_№230_Щорічні_дані_про_режим_та_ресурси_вод_морів_і_морських.pdf,168
98025,water_level,cm,11,mean,489.0,,Інв_№230_Щорічні_дані_про_режим_та_ресурси_вод_морів_і_морських.pdf,168
98025,water_level,cm,12,mean,505.0,,Інв_№230_Щорічні_дані_про_режим_та_ресурси_вод_морів_і_морських.pdf,168
98025,water_level,cm,1,max,516.0,,Інв_№230_Щорічні_дані_про_режим_та_ресурси_вод_морів_і_морських.pdf,168
98025,water_level,cm,2,max,516.0,,Інв_№230_Щорічні_дані_про_режим_та_ресурси_вод_морів_і_морських.pdf,168
98025,water_level,cm,3,max,523.0,,Інв_№230_Щорічні_дані_про_режим_та_ресурси_вод_морів_і_морських.pdf,168
98025,water_level,cm,4,max,518.0,,Інв_№230_Щорічні_дані_про_режим_та_ресурси_вод_морів_і_морських.pdf,168
98025,water_level,cm,5,max,511.0,,Інв_№230_Щорічні_дані_про_режим_та_ресурси_вод_морів_і_морських.pdf,168
98025,water_level,cm,6,max,599.0,!/,Інв_№230_Щорічні_дані_про_режим_та_ресурси_вод_морів_і_морських.pdf,168
98025,water_level,cm,7,max,525.0,!,Інв_№230_Щорічні_дані_про_режим_та_ресурси_вод_морів_і_морських.pdf,168
98025,water_level,cm,8,max,515.0,,Інв_№230_Щорічні_дані_про_режим_та_ресурси_вод_морів_і_морських.pdf,168
98025,water_level,cm,9,max,499.0,,Інв_№230_Щорічні_дані_про_режим_та_ресурси_вод_морів_і_морських.pdf,168
98025,water_level,cm,10,max,509.0,,Інв_№230_Щорічні_дані_про_режим_та_ресурси_вод_морів_і_морських.pdf,168
98025,water_level,cm,11,max,546.0,,Інв_№230_Щорічні_дані_про_режим_та_ресурси_вод_морів_і_морських.pdf,168
98025,water_level,cm,12,max,541.0,!,Інв_№230_Щорічні_дані_про_режим_та_ресурси_вод_морів_і_морських.pdf,168
98025,water_level,cm,1,min,464.0,,Інв_№230_Щорічні_дані_про_режим_та_ресурси_вод_морів_і_морських.pdf,168
98025,water_level,cm,2,min,456.0,,Інв_№230_Щорічні_дані_про_режим_та_ресурси_вод_морів_і_морських.pdf,168
98025,water_level,cm,3,min,476.0,,Інв_№230_Щорічні_дані_про_режим_та_ресурси_вод_морів_і_морських.pdf,168
98025,water_level,cm,4,min,475.0,,Інв_№230_Щорічні_дані_про_режим_та_ресурси_вод_морів_і_морських.pdf,168
98025,water_level,cm,5,min,490.0,,Інв_№230_Щорічні_дані_про_режим_та_ресурси_вод_морів_і_морських.pdf,168
98025,water_level,cm,6,min,486.0,,Інв_№230_Щорічні_дані_про_режим_та_ресурси_вод_морів_і_морських.pdf,168
98025,water_level,cm,7,min,472.0,,Інв_№230_Щорічні_дані_про_режим_та_ресурси_вод_морів_і_морських.pdf,168
98025,water_level,cm,8,min,475.0,,Інв_№230_Щорічні_дані_про_режим_та_ресурси_вод_морів_і_морських.pdf,168
98025,water_level,cm,9,min,471.0,,Інв_№230_Щорічні_дані_про_режим_та_ресурси_вод_морів_і_морських.pdf,168
98025,water_level,cm,10,min,456.0,,Інв_№230_Щорічні_дані_про_режим_та_ресурси_вод_морів_і_морських.pdf,168
98025,water_level,cm,11,min,414.0,!,Інв_№230_Щорічні_дані_про_режим_та_ресурси_вод_морів_і_морських.pdf,168
98025,water_level,cm,12,min,480.0,,Інв_№230_Щорічні_дані_про_режим_та_ресурси_вод_морів_і_морських.pdf,168
81801,discharge,m3/s,1,mean,37.8,,Інв_№230_Щорічні_дані_про_режим_та_ресурси_вод_морів_і_морських.pdf,175
81801,discharge,m3/s,2,mean,32.7,,Інв_№230_Щорічні_дані_про_режим_та_ресурси_вод_морів_і_морських.pdf,175
81801,discharge,m3/s,3,mean,40.9,,Інв_№230_Щорічні_дані_про_режим_та_ресурси_вод_морів_і_морських.pdf,175
81801,discharge,m3/s,4,mean,60.4,,Інв_№230_Щорічні_дані_про_режим_та_ресурси_вод_морів_і_морських.pdf,175
81801,discharge,m3/s,5,mean,28.5,,Інв_№230_Щорічні_дані_про_режим_та_ресурси_вод_морів_і_морських.pdf,175
81801,discharge,m3/s,6,mean,12.6,,Інв_№230_Щорічні_дані_про_режим_та_ресурси_вод_морів_і_морських.pdf,175
81801,discharge,m3/s,7,mean,8.78,,Інв_№230_Щорічні_дані_про_режим_та_ресурси_вод_морів_і_морських.pdf,175
81801,discharge,m3/s,8,mean,7.68,,Інв_№230_Щорічні_дані_про_режим_та_ресурси_вод_морів_і_морських.pdf,175
81801,discharge,m3/s,9,mean,6.44,,Інв_№230_Щорічні_дані_про_режим_та_ресурси_вод_морів_і_морських.pdf,175
81801,discharge,m3/s,10,mean,11.6,,Інв_№230_Щорічні_дані_про_режим_та_ресурси_вод_морів_і_морських.pdf,175
81801,discharge,m3/s,11,mean,18.1,,Інв_№230_Щорічні_дані_про_режим_та_ресурси_вод_морів_і_морських.pdf,175
81801,discharge,m3/s,12,mean,25.7,,Інв_№230_Щорічні_дані_про_режим_та_ресурси_вод_морів_і_морських.pdf,175
81801,discharge,m3/s,1,max,57.5,,Інв_№230_Щорічні_дані_про_режим_та_ресурси_вод_морів_і_морських.pdf,175
81801,discharge,m3/s,2,max,43.9,,Інв_№230_Щорічні_дані_про_режим_та_ресурси_вод_морів_і_морських.pdf,175
81801,discharge,m3/s,3,max,83.0,,Інв_№230_Щорічні_дані_про_режим_та_ресурси_вод_морів_і_морських.pdf,175
81801,discharge,m3/s,4,max,87.9,,Інв_№230_Щорічні_дані_про_режим_та_ресурси_вод_морів_і_морських.pdf,175
81801,discharge,m3/s,5,max,67.6,,Інв_№230_Щорічні_дані_про_режим_та_ресурси_вод_морів_і_морських.pdf,175
81801,discharge,m3/s,6,max,20.9,,Інв_№230_Щорічні_дані_про_режим_та_ресурси_вод_морів_і_морських.pdf,175
81801,discharge,m3/s,7,max,14.1,,Інв_№230_Щорічні_дані_про_режим_та_ресурси_вод_морів_і_морських.pdf,175
81801,discharge,m3/s,8,max,20.8,,Інв_№230_Щорічні_дані_про_режим_та_ресурси_вод_морів_і_морських.pdf,175
81801,discharge,m3/s,9,max,7.82,,Інв_№230_Щорічні_дані_про_режим_та_ресурси_вод_морів_і_морських.pdf,175
81801,discharge,m3/s,10,max,40.3,,Інв_№230_Щорічні_дані_про_режим_та_ресурси_вод_морів_і_морських.pdf,175
81801,discharge,m3/s,11,max,31.9,,Інв_№230_Щорічні_дані_про_режим_та_ресурси_вод_морів_і_морських.pdf,175
81801,discharge,m3/s,12,max,43.0,,Інв_№230_Щорічні_дані_про_режим_та_ресурси_вод_морів_і_морських.pdf,175
81801,discharge,m3/s,1,min,29.0,,Інв_№230_Щорічні_дані_про_режим_та_ресурси_вод_морів_і_морських.pdf,175
81801,discharge,m3/s,2,min,26.3,,Інв_№230_Щорічні_дані_про_режим_та_ресурси_вод_морів_і_морських.pdf,175
81801,discharge,m3/s,3,min,29.0,,Інв_№230_Щорічні_дані_про_режим_та_ресурси_вод_морів_і_морських.pdf,175
81801,discharge,m3/s,4,min,23.5,,Інв_№230_Щорічні_дані_про_режим_та_ресурси_вод_морів_і_морських.pdf,175
81801,discharge,m3/s,5,min,11.7,,Інв_№230_Щорічні_дані_про_режим_та_ресурси_вод_морів_і_морських.pdf,175
81801,discharge,m3/s,6,min,5.52,,Інв_№230_Щорічні_дані_про_режим_та_ресурси_вод_морів_і_морських.pdf,175
81801,discharge,m3/s,7,min,5.26,,Інв_№230_Щорічні_дані_про_режим_та_ресурси_вод_морів_і_морських.pdf,175
81801,discharge,m3/s,8,min,5.48,,Інв_№230_Щорічні_дані_про_режим_та_ресурси_вод_морів_і_морських.pdf,175
81801,discharge,m3/s,9,min,4.16,,Інв_№230_Щорічні_дані_про_режим_та_ресурси_вод_морів_і_морських.pdf,175
81801,discharge,m3/s,10,min,6.29,,Інв_№230_Щорічні_дані_про_режим_та_ресурси_вод_морів_і_морських.pdf,175
81801,discharge,m3/s,11,min,10.4,,Інв_№230_Щорічні_дані_про_режим_та_ресурси_вод_морів_і_морських.pdf,175
81801,discharge,m3/s,12,min,12.8,,Інв_№230_Щорічні_дані_про_режим_та_ресурси_вод_морів_і_морських.pdf,175
