post_id,name,name_en,water_body,zero_bs77_m,lon,lat,coord_source,status_2023,delta_epsg9902_m,dist_to_water_domain_m,zones
80802,"м. Нова Каховка (ГП-ІІ, нижній б'єф)",Nova Kakhovka (tailwater),р. Дніпро,-5.0,33.346667,46.758611,"user-supplied registry DMS 46°45'31"" 33°20'48"" (2026-09-17)",діючий до 07.2022 (окупація); у щорічнику 2023 даних немає,0.21549427044759234,0.0,ZONE_1_KAKHOVKA_LOWER_DNIPRO ZONE_4_DAM_TO_KHERSON_FLOODWAY
80805,м. Херсон,Kherson,р. Дніпро,-5.0,32.612026,46.62375,"config.KHERSON_GAUGE; user registry DMS 46°37'24.94"" 32°36'47.12"" = 46.62359 32.61309 lies 80 m away",діючий; СРМ вийшов з ладу 06.06-09.07 (переповнення колодязя),0.20759370228096324,0.0,ZONE_1_KAKHOVKA_LOWER_DNIPRO ZONE_2_KHERSON_DELTA ZONE_4_DAM_TO_KHERSON_FLOODWAY
80807,"с. Кізомис, МГП-І Касперівка",Kasperivka,"р. Дніпро, рук. Рвач",-5.0,32.319487858959064,46.55145353069963,user-supplied approximate (2026-09-17),"діючий; з 03.08 спостереження на тимчасовому місці (оз. Дедове, 2 км на схід)",0.2046585449569331,0.0,ZONE_2_KHERSON_DELTA ZONE_3_DNIPRO_BUG_ESTUARY
81801,с. Олександрівка,Oleksandrivka,р. Південний Буг,-3.02,31.26972222,47.68555556,user-supplied registry table (2026-09-17); the user's own point 47.69921 31.25552 lies 1.8 km NW of it,"діючий (ГП-І, річковий пост, поза всіма зонами)",0.18648230896028622,29408.85422746008,
98027,м. Миколаїв,Mykolaiv,р. Південний Буг,-5.0,31.970917,46.984306,"icesat2-atl13-kakhovka/config/gauges.yaml; user registry DMS 46°59'3.75"" 31°58'19.46"" = 46.98438 31.97207 lies 90 m away",діючий,0.19969212896808772,0.0,ZONE_3_DNIPRO_BUG_ESTUARY
98025,с. Парутине,Parutyne,лим. Бузький,-5.0,31.910218144879558,46.70875311159131,user-supplied approximate (2026-09-17),діючий,0.20093769325731178,0.0,ZONE_3_DNIPRO_BUG_ESTUARY
98032,с. Станіслав,Stanislav,лим. Дніпровський,-5.0,32.14353179431262,46.55878816094544,user-supplied approximate (2026-09-17),"діючий до 10.05.2023; з 11.05 призупинено (мінування, евакуація спостерігача)",0.2028639569497578,0.0,ZONE_3_DNIPRO_BUG_ESTUARY
98033,с. Геройське,Heroiske,лим. Дніпро-Бузький,-5.0,31.896809000844556,46.51750333367365,user-supplied approximate (2026-09-17),рівень не спостерігався з 18.09.2022 (зруйновано причал); закрито 31.12.2023,0.20167976803307663,0.0,ZONE_3_DNIPRO_BUG_ESTUARY
98022,м. Очаків,Ochakiv,лим. Дніпро-Бузький,-5.0,31.552048718704924,46.60263049261722,user-supplied approximate (2026-09-17),діючий (МГ-ІІ),0.1932867115284359,0.0,ZONE_3_DNIPRO_BUG_ESTUARY
