overpass_id,swot_pass_id,date,dt_hours,zone,n_nodes,satellite_level_m,icesat_level_m,closure_residual_m,included_primary,exclusion_reason,lon,lat
1173_20230606,534_001_20230527,2023-06-06,-230.9557240989156,F,48.0,0.955592846376117,1.5685512637845536,-0.5995899043668782,False,|dt| > 24 h (timing sensitivity),32.811089496919344,46.752657381218135
1173_20230606,535_001_20230528,2023-06-06,-207.1121129878045,F,55.0,0.9393401987917508,1.1391024686546132,-0.1432030406078279,False,|dt| > 24 h (timing sensitivity),32.811348132935706,46.754921804583134
1173_20230606,536_001_20230529,2023-06-06,-183.2682240989156,F,58.0,0.9379428470591532,1.0424263310406552,-0.1001133177901572,False,|dt| > 24 h (timing sensitivity),32.810979995554554,46.7768225965634
1173_20230606,537_001_20230530,2023-06-06,-159.42433521002667,F,59.0,0.9361080065178164,0.969909182632012,-0.0279735177360009,False,|dt| > 24 h (timing sensitivity),32.810871851168244,46.77702330721692
1173_20230606,538_001_20230531,2023-06-06,-135.58044632113777,F,59.0,0.9334601579910392,0.969909182632012,-0.0994231912890875,False,|dt| > 24 h (timing sensitivity),32.81088800490215,46.77702669900683
1173_20230606,539_001_20230601,2023-06-06,-111.73655743224889,F,51.0,0.9634671379552556,0.9572939428864924,0.0309162756481811,False,|dt| > 24 h (timing sensitivity),32.809196970449406,46.81064480864635
1173_20230606,540_001_20230602,2023-06-06,-87.89294632113779,F,54.0,0.9874281725032112,0.9386174136478624,0.048308472469464,False,|dt| > 24 h (timing sensitivity),32.81128672994505,46.79335085866632
1173_20230606,541_001_20230603,2023-06-06,-64.04905743224889,F,58.0,0.9636572592552,1.044409561528254,-0.084199861491415,False,|dt| > 24 h (timing sensitivity),32.81095318547477,46.776783788336274
1173_20230606,542_001_20230604,2023-06-06,-40.20516854336,F,60.0,0.8403493969111562,1.0424263310406552,-0.2295225727753553,False,|dt| > 24 h (timing sensitivity),32.81054239524647,46.77684583909891
1173_20230606,543_001_20230605,2023-06-06,-16.36127965447111,F,55.0,0.8082971157441712,0.9738756436072098,-0.1700907316339304,True,,32.81114232938832,46.777708908481856
1173_20230606,544_001_20230606,2023-06-06,7.482609234417778,F,59.0,2.6179308261504346,0.9738756436072098,1.650111975130379,True,,32.81090268678297,46.77705223507392
1173_20230606,545_001_20230607,2023-06-06,31.326498123306667,F,6.0,8.161137575154335,3.3614656460106014,4.795155509092565,False,|dt| > 24 h (timing sensitivity),32.85206147700814,46.70419901149978
1173_20230606,546_001_20230608,2023-06-06,55.17038701219555,F,30.0,7.069962488283549,0.83419998540439,6.063742348461876,False,|dt| > 24 h (timing sensitivity),32.81647530968585,46.90086656931536
1173_20230606,547_001_20230609,2023-06-06,79.01427590108445,F,52.0,7.074067429406737,0.9708472473136328,6.098126230530309,False,|dt| > 24 h (timing sensitivity),32.81151396457104,46.7766983782446
1173_20230606,548_001_20230610,2023-06-06,102.85788701219556,F,53.0,6.521901283423599,1.0427021486732713,5.527252769186642,False,|dt| > 24 h (timing sensitivity),32.81095604378376,46.77648219919882
1173_20230606,549_001_20230611,2023-06-06,126.70177590108446,F,56.0,5.845336937097724,1.4078164536176103,4.353689428078404,False,|dt| > 24 h (timing sensitivity),32.81071827686147,46.75331154496771
1173_20230606,550_001_20230612,2023-06-06,150.54566478997333,F,53.0,5.1788883998470325,1.1122376133716187,4.03885283284767,False,|dt| > 24 h (timing sensitivity),32.81099087060326,46.77654726641829
1173_20230606,551_001_20230613,2023-06-06,174.38927590108443,F,54.0,4.472289218188452,1.1228247244827774,3.3076605141586164,False,|dt| > 24 h (timing sensitivity),32.81113850813774,46.765146573140136
1173_20230606,552_001_20230614,2023-06-06,198.23316478997333,F,54.0,3.810891255420291,1.1268157199010125,2.631180404683942,False,|dt| > 24 h (timing sensitivity),32.811153002177264,46.7651542704082
1173_20230904,002_540_20230830,2023-09-04,-135.25133661845334,F,26.0,0.3374147774099665,0.2238631659289236,0.1048833449791866,False,|dt| > 24 h (timing sensitivity),32.845348867104335,46.87541431403916
1173_20230904,003_027_20230901,2023-09-04,-73.91328106289778,F,13.0,0.4180575500948009,0.2397219555219898,0.2031667306428559,False,|dt| > 24 h (timing sensitivity),32.85013800067431,46.71026360984871
1173_20230904,003_333_20230912,2023-09-04,188.46783004821333,F,5.0,0.372241533478828,0.2397219555219898,0.15171345114409,False,|dt| > 24 h (timing sensitivity),32.851427944270625,46.73191134366679
1173_20240304,011_333_20240226,2024-03-04,-164.8412136760178,F,36.0,0.5866011585534494,0.472159361189254,0.1044889762422567,False,|dt| > 24 h (timing sensitivity),32.82358104103713,46.74383782381537
1173_20240304,011_540_20240305,2024-03-04,12.190730768426668,F,33.0,0.5207463615274861,0.467676898121006,0.0378722242542828,True,,32.82816665105933,46.98074158099167
1173_20240304,012_027_20240307,2024-03-04,73.52934187953777,F,35.0,0.2443859633266818,0.4793094081347746,-0.223375841841781,False,|dt| > 24 h (timing sensitivity),32.854597649805456,46.74322341621611
1173_20240902,020_333_20240901,2024-09-02,-17.40339560568889,F,18.0,0.231810001203943,0.2385849006015847,-0.006284443228286,True,,32.79347217485584,46.89142415425596
1173_20240902,020_540_20240908,2024-09-02,159.62965994986666,F,15.0,0.2206253436340937,0.2394063987173762,-0.0348647025902071,False,|dt| > 24 h (timing sensitivity),32.826033568362696,46.89567895208554
1173_20240902,021_027_20240911,2024-09-02,220.96799328320003,F,18.0,0.2158437825563126,0.2388493160382294,-0.0417831343090027,False,|dt| > 24 h (timing sensitivity),32.79389851740203,46.89317221774084
1173_20250302,029_027_20250225,2025-03-02,-132.34103446428443,F,1.0,-0.3730956771645104,0.217332145134744,-0.5904278222992545,False,|dt| > 24 h (timing sensitivity),32.8169325,46.68430717999998
1233_20230610,538_001_20230531,2023-06-10,-231.43968125482667,E,32.0,0.2132029734433604,1.105284508784643,-0.8886451984804511,False,|dt| > 24 h (timing sensitivity),31.99582311579919,46.8849550931402
1233_20230610,539_001_20230601,2023-06-10,-207.5960701437155,E,31.0,0.3129523004475132,1.1052757786350167,-0.8068689515538949,False,|dt| > 24 h (timing sensitivity),31.99674191064116,46.89086732038111
1233_20230610,540_001_20230602,2023-06-10,-183.75218125482667,E,32.0,0.3331045323831993,1.10501966187124,-0.777264354068568,False,|dt| > 24 h (timing sensitivity),31.999476165256997,46.8849878966686
1233_20230610,541_001_20230603,2023-06-10,-159.90829236593777,E,33.0,0.2480303406988007,1.1047295781470243,-0.8560647284909493,False,|dt| > 24 h (timing sensitivity),31.997520810167604,46.8790645221389
1233_20230610,542_001_20230604,2023-06-10,-136.0644034770489,E,33.0,0.0677086110651643,1.099589249143456,-1.0335032482328224,False,|dt| > 24 h (timing sensitivity),31.99696601234165,46.87908524787627
1233_20230610,543_001_20230605,2023-06-10,-112.22051458816,E,31.0,0.1774117518241382,1.1052932389342691,-0.9310681400076568,False,|dt| > 24 h (timing sensitivity),31.99674814360299,46.890856000504485
1233_20230610,544_001_20230606,2023-06-10,-88.37662569927112,E,23.0,0.4035243150311913,1.107767078956332,-0.7190028290404111,False,|dt| > 24 h (timing sensitivity),31.996748045647216,46.89086025836633
1233_20230610,545_001_20230607,2023-06-10,-64.53273681038223,E,18.0,0.9540742950519724,1.1095754017359756,-0.162454828214404,False,|dt| > 24 h (timing sensitivity),31.96503782298073,46.955465035845975
1233_20230610,546_001_20230608,2023-06-10,-40.68884792149334,E,23.0,1.2099229939266891,1.107767078956332,0.0875707631923461,False,|dt| > 24 h (timing sensitivity),31.99171210641581,46.92637262127276
1233_20230610,547_001_20230609,2023-06-10,-16.844959032604443,E,23.0,1.2345165109265397,1.1064088231666729,0.1187948268473846,True,,31.99144418037725,46.93638706030694
1233_20230610,548_001_20230610,2023-06-10,6.998652078506666,E,30.0,1.0540924240010767,1.105284508784643,-0.0543162226817335,True,,31.993356866304385,46.90006082642228
1233_20230610,549_001_20230611,2023-06-10,30.84254096739556,E,30.0,0.7754632577649119,1.105541136512703,-0.3345652613448546,False,|dt| > 24 h (timing sensitivity),31.993411518368884,46.90004919472835
1233_20230610,550_001_20230612,2023-06-10,54.68642985628444,E,29.0,0.6296585681392628,1.1052757786350167,-0.4783065992728144,False,|dt| > 24 h (timing sensitivity),31.99453319791261,46.899727059885706
1233_20230610,551_001_20230613,2023-06-10,78.53004096739555,E,28.0,0.5933130176979233,1.1045628436683037,-0.5133818640711647,False,|dt| > 24 h (timing sensitivity),31.993441008097783,46.90007585973428
1233_20230610,552_001_20230614,2023-06-10,102.37392985628443,E,22.0,0.5370331389884679,1.1104552084020805,-0.5833563040556449,False,|dt| > 24 h (timing sensitivity),31.966785971817288,46.93171556949181
1233_20230610,554_001_20230616,2023-06-10,150.06142985628446,E,28.0,0.4205936053129324,1.1066138749500605,-0.6978008903637107,False,|dt| > 24 h (timing sensitivity),32.00238504355493,46.87077674110797
1233_20230610,555_001_20230617,2023-06-10,173.90531874517333,E,23.0,0.3922496981687153,1.107767078956332,-0.7223673953493517,False,|dt| > 24 h (timing sensitivity),31.96751345584595,46.936095101168064
1233_20230610,556_001_20230618,2023-06-10,197.74920763406223,E,27.0,0.3191424847126001,1.1052757786350167,-0.7858837641549368,False,|dt| > 24 h (timing sensitivity),31.994478896136965,46.90036150427987
1233_20230610,557_001_20230619,2023-06-10,221.59309652295116,E,25.0,0.3358989802897945,1.1052932389342691,-0.762608138975029,False,|dt| > 24 h (timing sensitivity),31.991531315843627,46.92801428417101
1233_20230908,002_540_20230830,2023-09-08,-231.11084073905775,E,10.0,0.1826839430982989,0.1262522751900006,0.0604736115064588,False,|dt| > 24 h (timing sensitivity),32.135999894831016,46.53937784136965
1233_20230908,003_262_20230910,2023-09-08,31.27193703872,E,10.0,0.1281034302049111,0.1277209583239997,-0.0040629970022072,False,|dt| > 24 h (timing sensitivity),32.13621389813528,46.53998576273091
1233_20230908,003_333_20230912,2023-09-08,92.6080481498311,E,10.0,0.2369173707021037,0.1314051081442651,0.1037900048835531,False,|dt| > 24 h (timing sensitivity),32.13572227016196,46.54415812687038
1233_20240308,011_540_20240305,2024-03-08,-83.66813710371557,E,13.0,0.2457734499265882,0.2825015878155454,-0.0196981903642594,False,|dt| > 24 h (timing sensitivity),32.01065375614585,46.9074730427048
1233_20240308,012_055_20240308,2024-03-08,1.6815851185066668,E,8.0,0.4838668228445435,0.2780877537618966,0.2031948429567558,True,,32.009439348416635,46.91235818479094
1233_20240906,020_262_20240829,2024-09-06,-174.60214807253334,E,7.0,0.1148394502659613,0.0187037361127444,0.082575128210232,False,|dt| > 24 h (timing sensitivity),31.96380604269112,46.991571778176
1233_20240906,020_333_20240901,2024-09-06,-113.2635369614222,E,7.0,0.1986009770171399,0.0161823775898319,0.1696146268847336,False,|dt| > 24 h (timing sensitivity),31.963090725148028,46.990633209963455
1233_20240906,020_540_20240908,2024-09-06,63.76924081635555,E,7.0,0.3498083956071554,0.0208432086570837,0.3327311868708662,False,|dt| > 24 h (timing sensitivity),31.96369179288849,46.99060311652753
1233_20240906,021_055_20240912,2024-09-06,149.11896303857776,E,6.0,0.1290069201932695,0.0228876347864979,0.1088317067646196,False,|dt| > 24 h (timing sensitivity),31.96325115301845,46.99124374981947
1233_20250306,029_262_20250305,2025-03-06,-27.160774693120004,E,8.0,0.005795992996834,0.0127998245234843,0.0077325951276989,False,|dt| > 24 h (timing sensitivity),32.00633031517615,46.91392818481794
1233_20250306,029_333_20250308,2025-03-06,34.17839197354667,E,6.0,-0.1391663725561827,0.0452473533474631,-0.1640676879340112,False,|dt| > 24 h (timing sensitivity),32.0010237,46.97803581
1233_20250306,029_540_20250315,2025-03-06,211.2108919735467,E,11.0,0.1184107259577658,0.0040781957746567,0.1191325225227615,False,|dt| > 24 h (timing sensitivity),32.058146691058404,46.55499010688963
1269_20230911,003_027_20230901,2023-09-11,-229.86889886421332,F,11.0,0.558662182787014,0.0260768816552534,0.547388968140659,False,|dt| > 24 h (timing sensitivity),33.09908416295538,46.755096578114056
1269_20230911,003_234_20230909,2023-09-11,-52.83584330865778,F,7.0,0.2829602268062992,0.04289937633275,0.2471116340128336,False,|dt| > 24 h (timing sensitivity),33.11732627658504,46.78342897759709
1269_20230911,003_333_20230912,2023-09-11,32.51193446912,F,4.0,0.377308648495374,0.0370733949386137,0.3309836931887426,False,|dt| > 24 h (timing sensitivity),33.10293714125751,46.77003135086534
1269_20230911,003_540_20230920,2023-09-11,209.54443446912,F,8.0,0.0895547817098201,0.0201525464570249,0.063201243744162,False,|dt| > 24 h (timing sensitivity),33.100539938996306,46.76913050578628
1269_20240311,011_540_20240305,2024-03-11,-143.76265884053333,F,18.0,0.653732487456038,0.7857357609626145,-0.1621054425096844,False,|dt| > 24 h (timing sensitivity),33.09705073817519,46.74858976219184
1269_20240311,012_027_20240307,2024-03-11,-82.4243255072,F,16.0,0.4408601210800213,0.7571434222237841,-0.3541097835220324,False,|dt| > 24 h (timing sensitivity),33.097168462204074,46.74872228997519
1269_20240311,012_234_20240315,2024-03-11,94.60789671502222,F,7.0,0.9177346378568068,0.8806887305016016,0.0581528082405977,False,|dt| > 24 h (timing sensitivity),33.102461373684235,46.76979029553269
1269_20240908,020_333_20240901,2024-09-08,-173.35397547989334,F,15.0,0.2018589481033998,0.2564237647394662,-0.046245693499106,False,|dt| > 24 h (timing sensitivity),33.09936515263569,46.75761959178276
1269_20240908,020_540_20240908,2024-09-08,3.679080075662222,F,10.0,0.2969129778100114,0.2622557101494509,0.0393351143946949,True,,33.10042099309504,46.76314841617408
1269_20240908,021_027_20240911,2024-09-08,65.01741340899555,F,9.0,0.2516963961731377,0.267911863294799,-0.0194689757350818,False,|dt| > 24 h (timing sensitivity),33.1036476,46.77115564999998
1269_20250309,029_234_20250304,2025-03-09,-111.26313005411556,F,6.0,0.0423801309674605,-0.0418981092761789,0.0281002342022276,False,|dt| > 24 h (timing sensitivity),33.10297079141236,46.77001132119026
1269_20250309,029_540_20250315,2025-03-09,151.11714772366224,F,12.0,0.0845914469281048,-0.0844326843124605,0.1591030721612378,False,|dt| > 24 h (timing sensitivity),33.09773300443373,46.74836145548566
1269_20250309,030_027_20250318,2025-03-09,212.45548105699555,F,15.0,0.0803404479704106,-0.1050181692254117,0.1982128486200522,False,|dt| > 24 h (timing sensitivity),33.0592269,46.75153599
1333_20230616,551_001_20230613,2023-06-16,-77.42801298396446,D,1.0,0.7061703961437686,0.5751066137237721,0.1310637824199965,False,|dt| > 24 h (timing sensitivity),32.2915893,46.49973167999999
1333_20230616,554_001_20230616,2023-06-16,-5.896624095075556,D,3.0,0.5974514742219839,0.5916114713872567,-0.0187040361220738,True,,32.29045057123856,46.49679911827625
1333_20230616,560_001_20230622,2023-06-16,137.1669870160355,D,1.0,0.367073673868397,0.5150068078042445,-0.1479331339358474,False,|dt| > 24 h (timing sensitivity),32.2951324,46.50611136999999
1333_20230616,561_001_20230623,2023-06-16,161.01087590492443,D,5.0,0.3575502409992523,0.5188595348212388,-0.1620869129677142,False,|dt| > 24 h (timing sensitivity),32.29651530215823,46.55272238573472
1333_20240912,020_540_20240908,2024-09-12,-92.18677472469336,D,15.0,0.2819262121713173,0.2372584985197949,0.0446677136515223,False,|dt| > 24 h (timing sensitivity),32.28615446919789,46.50509089077032
1333_20250313,029_540_20250315,2025-03-13,55.25222121265777,D,2.0,0.113755592019114,0.0650206999008435,0.0487348921182704,False,|dt| > 24 h (timing sensitivity),32.3276193882847,46.503188349907134
205_20240101,008_512_20240101,2024-01-01,6.749843055644444,R,6.0,11.336942799886453,11.35286927681038,-0.0800256655452038,True,,35.107743129996585,47.82360104381495
205_20240401,012_512_20240325,2024-04-01,-169.90068388387556,R,3.0,14.385881934048305,12.963616947762926,1.4222649862853771,False,|dt| > 24 h (timing sensitivity),35.08229369893459,47.81810094722193
205_20240401,013_206_20240403,2024-04-01,68.47042722723556,R,1.0,12.708758667557191,12.70986603920704,-0.0011073716498479,False,|dt| > 24 h (timing sensitivity),35.1210293,47.79032309
205_20240401,013_305_20240407,2024-04-01,153.82848278279113,R,5.0,13.395362650591396,12.805477773928196,0.6029554306547169,False,|dt| > 24 h (timing sensitivity),35.0841307,47.84176927999999
225_20230405,483_001_20230406,2023-04-05,38.06336569308445,F,10.0,0.7280512442744769,0.5993308786446416,0.1435104692496356,False,|dt| > 24 h (timing sensitivity),33.023823323910484,46.74408236557433
225_20230405,484_001_20230407,2023-04-05,61.90739347086223,F,13.0,0.7372652342271735,0.7004280975571184,0.097120473714531,False,|dt| > 24 h (timing sensitivity),33.024606246816965,46.74091873715344
225_20230405,485_001_20230408,2023-04-05,85.75128235975112,F,9.0,0.8298877653505095,0.7033175313420301,0.1294932041663035,False,|dt| > 24 h (timing sensitivity),33.024546551937114,46.76482304786878
225_20230405,486_001_20230409,2023-04-05,109.59517124864,F,7.0,0.7979849221503059,0.685400132101524,0.1458052789373241,False,|dt| > 24 h (timing sensitivity),33.103319160836506,46.76038990738456
225_20230405,487_001_20230410,2023-04-05,133.43906013752888,F,25.0,0.6574457048338225,0.7039144095389247,-0.047589575642732,False,|dt| > 24 h (timing sensitivity),33.02001886461752,46.76709311051527
225_20230405,488_001_20230411,2023-04-05,157.28294902641778,F,17.0,0.5760335855406176,0.721355364536592,-0.1560320784630171,False,|dt| > 24 h (timing sensitivity),33.02248141963653,46.75326159276672
225_20230405,490_001_20230413,2023-04-05,204.97072680419555,F,20.0,0.7800990087306552,0.6991551478669722,0.1408012848128095,False,|dt| > 24 h (timing sensitivity),33.023869881632386,46.75782093030166
225_20230405,491_001_20230414,2023-04-05,228.81461569308448,F,20.0,0.8633811943504508,0.712086450625061,0.1292087943774387,False,|dt| > 24 h (timing sensitivity),33.022414046644776,46.75623299312789
225_20230705,563_001_20230625,2023-07-05,-234.08277489877327,F,13.0,0.7742545443892688,0.5302817978259213,0.2215406614336217,False,|dt| > 24 h (timing sensitivity),33.09975872385436,46.77652511518277
225_20230705,564_001_20230626,2023-07-05,-210.2388860098844,F,17.0,0.8543935636934172,0.537938097660934,0.2002326108799756,False,|dt| > 24 h (timing sensitivity),33.09967151083397,46.78187221476195
225_20230705,565_001_20230627,2023-07-05,-186.39527489877327,F,18.0,1.082720958279058,0.5394521386077233,0.1878008870274294,False,|dt| > 24 h (timing sensitivity),33.0999878782582,46.78169836511404
225_20230705,567_001_20230629,2023-07-05,-138.70749712099555,F,15.0,1.0315191592942412,0.53463687422893,0.2332892245622808,False,|dt| > 24 h (timing sensitivity),33.09946540794537,46.78136046587889
225_20230705,569_001_20230701,2023-07-05,-91.0197193432178,F,17.0,1.3136209132039482,0.5413479212491552,0.2453200852396371,False,|dt| > 24 h (timing sensitivity),33.104187934219624,46.782037747176105
225_20230705,570_001_20230702,2023-07-05,-67.17583045432889,F,15.0,1.014589054760247,0.5352794661777818,0.1828878008324039,False,|dt| > 24 h (timing sensitivity),33.09912189514202,46.77942587236448
225_20230705,571_001_20230703,2023-07-05,-43.331941565440005,F,16.0,0.7388424111503262,0.5374890383527875,0.083569393433061,False,|dt| > 24 h (timing sensitivity),33.11210384196023,46.77807166531345
225_20230705,573_001_20230705,2023-07-05,4.3558362123377785,F,12.0,0.5828506587762661,0.5353492223075218,0.0315161726069481,True,,33.101968413535154,46.77823385886176
225_20230705,574_001_20230706,2023-07-05,28.19972510122667,F,17.0,0.8480700865401083,0.5413479212491552,0.0253839624306984,False,|dt| > 24 h (timing sensitivity),33.102525304208946,46.78219544076915
225_20230705,575_001_20230707,2023-07-05,52.04361399011556,F,10.0,0.5526996517464777,0.5377444563953802,-0.0084712476303696,False,|dt| > 24 h (timing sensitivity),33.100986006920195,46.773988085639
225_20230705,576_001_20230708,2023-07-05,75.88750287900444,F,9.0,0.5381228881501556,0.5287662645156477,0.008703017509676,False,|dt| > 24 h (timing sensitivity),33.137060068823004,46.77453544622763
225_20231003,004_234_20230930,2023-10-03,-90.72890527715556,F,11.0,0.0772212050548901,0.1933255651465373,-0.1338937668070343,False,|dt| > 24 h (timing sensitivity),33.12380164890462,46.77162778504813
225_20231003,004_540_20231011,2023-10-03,171.65109472284445,F,11.0,0.0592664978841952,0.1923722234602767,-0.1345318334935878,False,|dt| > 24 h (timing sensitivity),33.12213614728687,46.77514569750837
225_20231003,005_027_20231013,2023-10-03,232.9894280561778,F,10.0,0.1666067760000853,0.192346782746184,-0.0284711427846104,False,|dt| > 24 h (timing sensitivity),33.123001838829225,46.77731776767044
225_20240102,008_540_20240102,2024-01-02,-5.007877773084445,F,12.0,1.6559346228502143,1.5937045350655552,0.061014542529266,True,,33.05000860711604,47.196040288487616
225_20240102,009_234_20240112,2024-01-02,233.36073333802665,F,7.0,1.9362085118588936,1.5937045350655552,-0.1396373554630479,False,|dt| > 24 h (timing sensitivity),33.05235084139249,47.19644753208412
225_20240402,012_540_20240326,2024-04-02,-181.65668618488888,F,42.0,1.30828868485235,1.327803622845721,0.0250637064685657,False,|dt| > 24 h (timing sensitivity),33.05441377703383,47.13957637817744
225_20240402,013_027_20240328,2024-04-02,-120.31807507377778,F,47.0,1.170801890873026,1.3341529022931873,-0.0255317464614961,False,|dt| > 24 h (timing sensitivity),33.054022341170175,47.13702407228747
225_20240402,013_234_20240404,2024-04-02,56.714702704,F,6.0,1.066309678522778,0.9713451375856188,0.0143283669169642,False,|dt| > 24 h (timing sensitivity),33.09320191833947,46.75489502627701
225_20240402,013_333_20240408,2024-04-02,142.06442492622222,F,46.0,0.6529677029920347,1.249566641276048,-0.549605413672893,False,|dt| > 24 h (timing sensitivity),33.053556661233365,47.1295929936688
225_20240702,017_234_20240627,2024-07-02,-119.94411073898668,F,12.0,0.9973933614448356,1.0146839531395209,-0.0433448844425772,False,|dt| > 24 h (timing sensitivity),33.05689323777364,47.14965151910231
225_20240702,017_333_20240630,2024-07-02,-34.59383296120889,F,6.0,0.2738221043876194,0.6751414258756512,-0.3948858267294719,False,|dt| > 24 h (timing sensitivity),33.0976554674297,46.767011859907385
225_20240702,017_540_20240708,2024-07-02,142.43811148323556,F,18.0,0.3410128034584296,0.6652268237865702,-0.2853127112261244,False,|dt| > 24 h (timing sensitivity),33.04111797983663,46.75910759386273
225_20240702,018_027_20240710,2024-07-02,203.7767225943467,F,9.0,0.4588909456287311,0.6791505554068085,-0.2037418179489982,False,|dt| > 24 h (timing sensitivity),33.0774942,46.7588623
225_20241001,021_540_20240929,2024-10-01,-34.21485728896,F,7.0,0.4141722005296131,0.1121765985159974,0.2952687326345327,False,|dt| > 24 h (timing sensitivity),33.18798883465878,46.774437782544695
225_20241001,022_027_20241002,2024-10-01,27.123476044373334,F,11.0,0.2163184831071873,0.1946980774194138,-0.0004966154981449,False,|dt| > 24 h (timing sensitivity),33.14370518580396,46.784372794753565
225_20250331,030_234_20250325,2025-03-31,-149.15767407118224,F,9.0,0.9549317991962952,1.1353067703359336,0.0423493201509881,False,|dt| > 24 h (timing sensitivity),33.00086758213689,47.1781525268901
225_20250331,030_333_20250329,2025-03-31,-63.80711851562667,F,13.0,-0.1961194438368423,0.206061029480125,-0.3701157181338566,False,|dt| > 24 h (timing sensitivity),33.05492446955787,46.76497236365902
225_20250331,031_027_20250408,2025-03-31,174.56343703992889,F,36.0,0.1322971205614571,0.2017042334891838,-0.0899330308233796,False,|dt| > 24 h (timing sensitivity),33.05388457939765,46.76536767342306
289_20231007,004_333_20231003,2023-10-07,-101.24135188245332,D,12.0,0.1429014804891686,0.3894857264864448,-0.2589557684202308,False,|dt| > 24 h (timing sensitivity),32.37739349308236,46.54259848324679
289_20231007,004_540_20231011,2023-10-07,75.79114811754667,D,9.0,-0.0462234757515815,0.3842212311593336,-0.4320319921930107,False,|dt| > 24 h (timing sensitivity),32.341545746545144,46.528013263502594
289_20240406,013_262_20240405,2024-04-06,-15.13379188792889,D,8.0,0.4945650169971216,0.3419090323765195,0.1480892385743093,True,,32.34855591356214,46.52305420474973
289_20240406,013_540_20240415,2024-04-06,223.2356525565156,D,12.0,0.5194122063430093,0.3513634236963137,0.1796368440677733,False,|dt| > 24 h (timing sensitivity),32.34980499673277,46.53107579733306
289_20240706,017_540_20240708,2024-07-06,46.57751243811556,D,16.0,0.3091683034375165,0.197378766902438,0.1009407879594679,False,|dt| > 24 h (timing sensitivity),32.3272574930707,46.54643572174662
289_20241005,021_540_20240929,2024-10-05,-130.07263981176888,D,14.0,0.1344195619178503,0.369656175895658,-0.2088278010769393,False,|dt| > 24 h (timing sensitivity),32.4401835068473,46.55803233103331
289_20241005,022_333_20241013,2024-10-05,193.64597129934225,D,13.0,0.2100851864997999,0.3736896042823403,-0.1686330832413869,False,|dt| > 24 h (timing sensitivity),32.4406741553855,46.55711714985968
325_20230711,570_001_20230702,2023-07-11,-223.13086381063115,F,7.0,0.8588052742423393,0.4690203565758484,0.358946599014752,False,|dt| > 24 h (timing sensitivity),33.32397889709823,46.75799949045446
325_20230711,571_001_20230703,2023-07-11,-199.28697492174223,F,5.0,0.7690523438521559,0.4697896340919296,0.3178075880824877,False,|dt| > 24 h (timing sensitivity),33.289209586211044,46.75958923530786
325_20230711,573_001_20230705,2023-07-11,-151.59919714396446,F,7.0,0.5650607954117142,0.469313396539242,0.0689613142338281,False,|dt| > 24 h (timing sensitivity),33.32374637305271,46.75765977681747
325_20230711,574_001_20230706,2023-07-11,-127.75530825507556,F,7.0,0.5830034962881179,0.469313396539242,0.1145897101901276,False,|dt| > 24 h (timing sensitivity),33.3237997850856,46.75767085052166
325_20230711,575_001_20230707,2023-07-11,-103.91141936618666,F,7.0,0.5146157742601396,0.4739426123544099,0.0451493483539486,False,|dt| > 24 h (timing sensitivity),33.32359171857789,46.758474271862056
325_20230711,576_001_20230708,2023-07-11,-80.06753047729778,F,7.0,0.5611401886209144,0.4735227990164432,0.0771513089255897,False,|dt| > 24 h (timing sensitivity),33.323861833466296,46.76001109225588
325_20230711,577_001_20230709,2023-07-11,-56.22391936618666,F,8.0,0.5058832720560833,0.4745827858206759,0.0298657312020607,False,|dt| > 24 h (timing sensitivity),33.30573501221047,46.76086822792599
325_20230711,578_001_20230710,2023-07-11,-32.38003047729778,F,7.0,0.5219133531725184,0.4690203565758484,0.0329241554293666,False,|dt| > 24 h (timing sensitivity),33.32395715795745,46.75997626349973
325_20240109,008_540_20240102,2024-01-09,-160.95897685119996,F,6.0,0.6619857126099582,0.4748251994167987,0.2121703609467866,False,|dt| > 24 h (timing sensitivity),33.36055369999981,46.773686035
325_20240109,009_234_20240112,2024-01-09,77.41213425991111,F,4.0,0.9143886512381982,0.4202649970494496,0.4838389488815986,False,|dt| > 24 h (timing sensitivity),33.339137481031685,46.76457628131807
325_20240409,013_234_20240404,2024-04-09,-99.24070701226668,F,2.0,1.2941697280615705,1.136476659885158,0.1576930681764121,False,|dt| > 24 h (timing sensitivity),33.33384832663438,46.75892356334118
325_20240409,013_540_20240415,2024-04-09,163.1398485432889,F,2.0,0.9014397096683472,1.1047100603863915,-0.2032703507180446,False,|dt| > 24 h (timing sensitivity),33.33333563147534,46.75979775784373
325_20240409,014_027_20240418,2024-04-09,224.47790409884448,F,1.0,1.043164194952407,1.1499189766113886,-0.1067547816589815,False,|dt| > 24 h (timing sensitivity),33.338487,46.77565013000001
325_20240708,017_540_20240708,2024-07-08,-13.515060800284443,F,4.0,0.4865071882752545,0.6246968949655871,-0.1347013783233288,True,,33.351949940533906,46.77145919124182
325_20240708,018_234_20240718,2024-07-08,224.8563280886044,F,4.0,0.5753489004027674,0.6246968949655871,-0.0527559779525743,False,|dt| > 24 h (timing sensitivity),33.35192998933848,46.77146122589824
349_20230413,483_001_20230406,2023-04-13,-153.6565692900978,E,8.0,0.1574521166062368,0.2080240880245023,-0.0362920635844323,False,|dt| > 24 h (timing sensitivity),31.5260879704057,46.595686517429975
349_20230413,484_001_20230407,2023-04-13,-129.81240262343113,E,6.0,0.0782921545436021,0.1787742923960626,-0.0970115285540176,False,|dt| > 24 h (timing sensitivity),31.54891017075897,46.581325541548594
349_20230413,485_001_20230408,2023-04-13,-105.96851373454224,E,5.0,0.1660023290663375,0.1764097041021699,0.0072166985028516,False,|dt| > 24 h (timing sensitivity),31.5705265,46.57429463
349_20230413,486_001_20230409,2023-04-13,-82.12462484565334,E,8.0,0.1683480731724298,0.1887794530766537,-0.0250817269135215,False,|dt| > 24 h (timing sensitivity),31.528643013781537,46.57967786946588
349_20230413,487_001_20230410,2023-04-13,-58.280735956764445,E,6.0,0.0916267380661572,0.1824552142106288,-0.0887160461301945,False,|dt| > 24 h (timing sensitivity),31.550013561508894,46.58246071085798
349_20230413,488_001_20230411,2023-04-13,-34.436847067875554,E,2.0,0.2525092711526611,0.1495995344498562,0.1029097367028049,False,|dt| > 24 h (timing sensitivity),31.574250310318074,46.56117432300083
349_20230413,489_001_20230412,2023-04-13,-10.592958178986668,E,6.0,0.1878408165613816,0.1826322859094,0.0298219042042333,True,,31.549370668679032,46.582280063274005
349_20230413,490_001_20230413,2023-04-13,13.250930709902224,E,6.0,0.1511263591538938,0.1675976673328278,-0.0153700285404028,True,,31.55017431219336,46.58262269046161
349_20230413,491_001_20230414,2023-04-13,37.09481959879111,E,6.0,0.1484617609064287,0.1879737133802992,-0.051056656266053,False,|dt| > 24 h (timing sensitivity),31.5492701211837,46.582398832963584
349_20230413,493_001_20230416,2023-04-13,84.78259737656887,E,6.0,0.1695827540661625,0.1826322859094,0.0034091925583306,False,|dt| > 24 h (timing sensitivity),31.549372211745748,46.58229027282981
349_20230413,494_001_20230417,2023-04-13,108.62648626545776,E,5.0,0.1453555511924804,0.1764097041021699,-0.0092560230361797,False,|dt| > 24 h (timing sensitivity),31.5705021,46.57414704999999
349_20230413,495_001_20230418,2023-04-13,132.47037515434667,E,5.0,0.1683083310659974,0.1657268491603716,-0.0105876307529086,False,|dt| > 24 h (timing sensitivity),31.5706124,46.57525092
349_20230413,496_001_20230419,2023-04-13,156.31398626545777,E,6.0,0.1389334969979501,0.1826322859094,-0.0446416306227019,False,|dt| > 24 h (timing sensitivity),31.54936858976459,46.582340083401135
349_20230413,497_001_20230420,2023-04-13,180.15787515434664,E,6.0,0.2050768910661666,0.1905691445086965,0.0251583892245825,False,|dt| > 24 h (timing sensitivity),31.54984877076501,46.5825731494503
349_20230413,498_001_20230421,2023-04-13,204.00176404323557,E,6.0,0.2029622400258315,0.1852277170377974,0.0239215952743858,False,|dt| > 24 h (timing sensitivity),31.549765876657403,46.58257091826477
349_20230413,499_001_20230422,2023-04-13,227.84565293212444,E,5.0,0.2491157285400937,0.2202739929158976,0.0281091727070865,False,|dt| > 24 h (timing sensitivity),31.524136144674756,46.60823523679314
349_20230713,573_001_20230705,2023-07-13,-187.3634240871111,E,8.0,0.1869995130183479,0.232909387450789,-0.0348359306289367,False,|dt| > 24 h (timing sensitivity),31.610566754624237,46.59207678358526
349_20230713,574_001_20230706,2023-07-13,-163.51953519822223,E,7.0,0.2202242214165828,0.2160978675206308,0.0064595024068054,False,|dt| > 24 h (timing sensitivity),31.612429598600063,46.59193535059896
349_20230713,575_001_20230707,2023-07-13,-139.67592408711113,E,7.0,0.2279654549803069,0.2086300832464687,0.0208615151998579,False,|dt| > 24 h (timing sensitivity),31.612739443919025,46.59184793727094
349_20230713,576_001_20230708,2023-07-13,-115.83203519822224,E,7.0,0.0986654405352318,0.2074926501016669,-0.1386028994856136,False,|dt| > 24 h (timing sensitivity),31.612980585842195,46.59187192322714
349_20230713,577_001_20230709,2023-07-13,-91.98814630933336,E,7.0,0.0138702339269585,0.2074926501016669,-0.208782621115942,False,|dt| > 24 h (timing sensitivity),31.612957100808025,46.591873368120304
349_20230713,578_001_20230710,2023-07-13,-68.14425742044445,E,7.0,0.1175494507259031,0.2074926501016669,-0.1326924668969269,False,|dt| > 24 h (timing sensitivity),31.61293295536218,46.591854016504826
349_20231011,004_333_20231003,2023-10-11,-197.10060989034668,E,11.0,0.0576070769514736,-0.0173235843847834,0.0783174986217254,False,|dt| > 24 h (timing sensitivity),31.59402827029076,46.57692949232741
349_20231011,005_055_20231014,2023-10-11,65.28133455409778,E,11.0,-0.0345257351127727,-0.0262004852880934,-0.0113172425368262,False,|dt| > 24 h (timing sensitivity),31.59495299660908,46.5766533723188
349_20240410,014_055_20240419,2024-04-10,212.72406913152005,E,4.0,0.3771432633003133,0.2396331012839425,0.15124874251247,False,|dt| > 24 h (timing sensitivity),31.54337662543057,46.565464778030695
349_20240710,017_333_20240630,2024-07-10,-226.31058245518224,E,6.0,0.4785377994193567,0.1539836133302881,0.3375699449523495,False,|dt| > 24 h (timing sensitivity),31.54500167120811,46.579553151669536
349_20241009,022_055_20241003,2024-10-09,-140.58912234816,E,8.0,0.1938416452046372,0.278024454926193,-0.0685715874828361,False,|dt| > 24 h (timing sensitivity),31.657483164461183,46.588009130568025
349_20241009,022_262_20241010,2024-10-09,36.44115542961777,E,6.0,0.2836744090760899,0.2489370632977579,0.0197764678448351,False,|dt| > 24 h (timing sensitivity),31.678066352684464,46.58852807387191
349_20241009,022_333_20241013,2024-10-09,97.77976654072889,E,8.0,-0.0818300255944102,0.2794026382833108,-0.367021093389444,False,|dt| > 24 h (timing sensitivity),31.657424659841425,46.58797693972681
385_20230715,574_001_20230706,2023-07-15,-223.6169208839111,D,10.0,0.2684786602095137,0.3565072832041931,-0.0950856412415523,False,|dt| > 24 h (timing sensitivity),32.52385320093187,46.59373121733583
385_20230715,575_001_20230707,2023-07-15,-199.77303199502225,D,5.0,0.3141308244567966,0.3672156611915724,-0.0497582707141539,False,|dt| > 24 h (timing sensitivity),32.565630756901264,46.59579161246253
385_20230715,576_001_20230708,2023-07-15,-175.92914310613332,D,10.0,0.2553553828859662,0.356866216291257,-0.1043520692009893,False,|dt| > 24 h (timing sensitivity),32.52383854892455,46.59372601348799
385_20230715,577_001_20230709,2023-07-15,-152.08525421724443,D,10.0,0.1926237262649213,0.3575870896784918,-0.1605515860770001,False,|dt| > 24 h (timing sensitivity),32.52381181458291,46.59374296204326
385_20230715,578_001_20230710,2023-07-15,-128.24136532835556,D,10.0,0.3115262193844081,0.3630068230257608,-0.0356644633043998,False,|dt| > 24 h (timing sensitivity),32.52383572866711,46.59370910049923
385_20231014,004_540_20231011,2023-10-14,-80.16681531982222,D,5.0,-0.0024917033076441,0.0378778796263503,-0.0354325111562499,False,|dt| > 24 h (timing sensitivity),32.5831327,46.59593513000001
385_20240413,013_333_20240408,2024-04-13,-109.75449799274668,D,6.0,0.2809419165469027,0.4010561809046002,-0.1332736073352389,False,|dt| > 24 h (timing sensitivity),32.580832852553314,46.6029738839442
385_20240712,017_540_20240708,2024-07-12,-109.37618780586666,D,3.0,0.1843904751076728,0.3147556279168544,-0.1303651528091816,False,|dt| > 24 h (timing sensitivity),32.5608858,46.59649893
385_20241011,022_333_20241013,2024-10-11,37.68113381383111,D,8.0,0.246772438776988,0.2941472826658025,-0.0562934771944441,False,|dt| > 24 h (timing sensitivity),32.559178596924106,46.597449837427206
385_20250110,026_333_20250104,2025-01-10,-138.97165361166222,D,10.0,0.3263896267697035,0.0868397236693949,0.253406817018603,False,|dt| > 24 h (timing sensitivity),32.55925719795829,46.59745472277364
449_20230719,578_001_20230710,2023-07-19,-224.10215659619556,E,10.0,0.1543429529102642,0.2920916665837048,-0.1102399668389377,False,|dt| > 24 h (timing sensitivity),31.821035950856302,47.11037949152702
449_20231018,004_540_20231011,2023-10-18,-176.0321549663289,E,27.0,-0.0407176958320825,-0.1261267336586762,0.080242207348629,False,|dt| > 24 h (timing sensitivity),31.84064349330929,47.128274792103
449_20231018,005_055_20231014,2023-10-18,-90.67965496632888,E,31.0,-0.0281508846205156,-0.135484851127158,0.1085858437942519,False,|dt| > 24 h (timing sensitivity),31.84054762089878,47.1094014419327
449_20231018,005_262_20231022,2023-10-18,86.35034503367112,E,17.0,0.0174773793195974,-0.1433698032705521,0.1713309160760019,False,|dt| > 24 h (timing sensitivity),31.838738070188576,47.04537828971793
449_20231018,005_333_20231024,2023-10-18,147.6895117003378,E,9.0,-0.0051735240899901,-0.153533371397879,0.155226200534301,False,|dt| > 24 h (timing sensitivity),31.76762006832265,46.558158764590985
449_20240117,009_540_20240123,2024-01-17,148.06824296348444,E,14.0,0.3670038089243324,0.2053843255477634,0.1537750122612688,False,|dt| > 24 h (timing sensitivity),31.88141730881041,47.1034054930908
449_20240117,010_055_20240126,2024-01-17,233.42074296348449,E,20.0,0.5358770491627567,0.2026770734002747,0.3458448537750422,False,|dt| > 24 h (timing sensitivity),31.853110729616283,47.06576000959383
449_20240417,013_333_20240408,2024-04-17,-205.61489529244443,E,1.0,0.4968924949863584,0.5525495529840807,-0.0556570579977222,False,|dt| > 24 h (timing sensitivity),31.8338799,47.18219322
449_20240417,013_540_20240415,2024-04-17,-28.58433973688889,E,2.0,0.6071154756486479,0.5525495529840807,0.0545659226645671,False,|dt| > 24 h (timing sensitivity),31.834643925477824,47.18260866266712
449_20240417,014_055_20240419,2024-04-17,56.76788248533333,E,3.0,0.5135888754420712,0.539597486261659,-0.0330938154675237,False,|dt| > 24 h (timing sensitivity),31.83378209281248,47.180726675874325
449_20240417,014_262_20240426,2024-04-17,233.79788248533336,E,3.0,0.4211964723705677,0.5525495529840807,-0.1212920464983469,False,|dt| > 24 h (timing sensitivity),31.83402728679047,47.18182789619801
449_20240716,017_540_20240708,2024-07-16,-205.24290920092443,E,13.0,0.2108350243707093,0.2659132259406966,-0.0356496228711407,False,|dt| > 24 h (timing sensitivity),31.87715721557621,47.10670526183384
449_20240716,018_055_20240711,2024-07-16,-119.89040920092444,E,4.0,0.1228487065276162,0.2628204591837466,-0.136065617553351,False,|dt| > 24 h (timing sensitivity),31.82138171099088,47.18790879329057
449_20241015,022_262_20241010,2024-10-15,-119.51821590179554,E,1.0,0.3614317165053222,0.1934805155931727,0.1679512009121495,False,|dt| > 24 h (timing sensitivity),31.7456386,47.22081410999999
449_20241015,022_333_20241013,2024-10-15,-58.17488256846222,E,4.0,-0.1795793691967446,0.1512623725970403,-0.3448079324943442,False,|dt| > 24 h (timing sensitivity),31.744147054601285,47.22336715043698
449_20241015,022_540_20241020,2024-10-15,118.85317298709332,E,3.0,-0.0275043311897462,0.1508332217627064,-0.1783375529524526,False,|dt| > 24 h (timing sensitivity),31.7439715,47.22424658999999
449_20241015,023_055_20241024,2024-10-15,204.2056729870933,E,4.0,-0.0376083593560334,0.1512623725970403,-0.1884415811187398,False,|dt| > 24 h (timing sensitivity),31.744207805019684,47.22337486052066
449_20250114,026_333_20250104,2025-01-14,-234.8300353090133,E,4.0,-0.265154181003302,0.0481521579069061,-0.3133063389102082,False,|dt| > 24 h (timing sensitivity),31.86716577964762,47.0559617820075
449_20250114,027_055_20250115,2025-01-14,27.55163135765333,E,4.0,-0.0943311874891676,0.047574199838607,-0.1441269264290872,False,|dt| > 24 h (timing sensitivity),31.86718472721807,47.05596610887371
449_20250114,027_262_20250123,2025-01-14,204.5819091354311,E,4.0,0.0588342872065421,0.0540785460664441,-0.0082564555455082,False,|dt| > 24 h (timing sensitivity),31.866349932877856,47.08924962408822
449_20250415,030_540_20250405,2025-04-15,-234.4538974384356,E,17.0,0.1535725788708895,-0.0340517193217664,0.1884510411093032,False,|dt| > 24 h (timing sensitivity),31.85609788793056,47.05652029850507
449_20250415,031_055_20250409,2025-04-15,-149.1011196606578,E,24.0,0.040767611875685,-0.0385461803424016,0.0726618958335594,False,|dt| > 24 h (timing sensitivity),31.84034435146332,47.04013614927168
449_20250415,031_262_20250416,2025-04-15,27.92915811712,E,16.0,0.1623110342269491,-0.0383510089663188,0.1991017509517405,False,|dt| > 24 h (timing sensitivity),31.853793930557583,47.03619855242598
449_20250415,031_333_20250419,2025-04-15,89.26860256156445,E,15.0,0.131724513705695,-0.0408128309698891,0.1475174430959285,False,|dt| > 24 h (timing sensitivity),31.839133216316945,47.04561010241284
5_20230620,549_001_20230611,2023-06-20,-220.97758086151111,E,3.0,0.282205291310575,0.343816869235841,-0.0616115779252659,False,|dt| > 24 h (timing sensitivity),31.53038821040741,46.60199127078901
5_20230620,550_001_20230612,2023-06-20,-197.13369197262224,E,4.0,0.2870618927730373,0.3379032968510316,-0.0510138674420064,False,|dt| > 24 h (timing sensitivity),31.530520423222622,46.59831830587449
5_20230620,551_001_20230613,2023-06-20,-173.2900808615111,E,2.0,0.3478203196995757,0.3538124291116595,-0.0059921094120838,False,|dt| > 24 h (timing sensitivity),31.52598947772673,46.58693544387984
5_20230620,554_001_20230616,2023-06-20,-101.75869197262222,E,3.0,0.2448755635312594,0.3377863844297373,-0.0929108208984779,False,|dt| > 24 h (timing sensitivity),31.529431332938003,46.59269908555368
5_20230620,556_001_20230618,2023-06-20,-54.07091419484445,E,4.0,0.1646653054377811,0.3365866897866558,-0.1725911126181021,False,|dt| > 24 h (timing sensitivity),31.53048971339984,46.59832612625765
5_20230620,557_001_20230619,2023-06-20,-30.22702530595556,E,4.0,0.0980073250736861,0.3369613429442921,-0.2385239002723169,False,|dt| > 24 h (timing sensitivity),31.530586348273683,46.59835976027329
5_20230620,559_001_20230621,2023-06-20,17.4610302496,E,4.0,0.1937827446010889,0.3391579243664306,-0.147325970894955,True,,31.53024342794024,46.59815263250871
5_20230620,560_001_20230622,2023-06-20,41.30491913848889,E,4.0,0.2479652189477086,0.3411087154960439,-0.0918268894839595,False,|dt| > 24 h (timing sensitivity),31.528539019499966,46.59360600525477
5_20230620,561_001_20230623,2023-06-20,65.14880802737778,E,4.0,0.2800811975434527,0.338573025120259,-0.0584918275768062,False,|dt| > 24 h (timing sensitivity),31.53050852980363,46.59831557867366
5_20230620,562_001_20230624,2023-06-20,88.99241913848888,E,4.0,0.3127491234692225,0.336349833994416,-0.0201194201524561,False,|dt| > 24 h (timing sensitivity),31.530576186107623,46.59834371302964
5_20230620,563_001_20230625,2023-06-20,112.83630802737778,E,4.0,0.2851173704635528,0.338573025120259,-0.0534556546567062,False,|dt| > 24 h (timing sensitivity),31.530512265154726,46.59833630660557
5_20230620,564_001_20230626,2023-06-20,136.68019691626668,E,4.0,0.2418839262879455,0.336349833994416,-0.0903686326892021,False,|dt| > 24 h (timing sensitivity),31.53066465494941,46.598335622838334
5_20230620,565_001_20230627,2023-06-20,160.52408580515555,E,4.0,0.2871778657137778,0.3369613429442921,-0.0498026824688757,False,|dt| > 24 h (timing sensitivity),31.530617637494167,46.59836058885278
5_20230919,003_333_20230912,2023-09-19,-159.21191257685334,E,4.0,0.0974103175339333,-0.0015890375548339,0.0989993550887673,False,|dt| > 24 h (timing sensitivity),31.54430291146785,46.58068146589907
669_20230504,501_001_20230424,2023-05-04,-227.3453084450844,F,1.0,16.61432021791094,17.337966944202563,-0.7236467262916229,False,|dt| > 24 h (timing sensitivity),33.363214,46.78556588
669_20230504,504_001_20230427,2023-05-04,-155.81364177841778,F,3.0,1.4526009784777116,1.5201492979879596,-0.0648643793261882,False,|dt| > 24 h (timing sensitivity),33.32672104507366,46.75824345064111
669_20230504,505_001_20230428,2023-05-04,-131.96975288952888,F,3.0,1.4709693590613533,1.5231948054521514,-0.0938233408122428,False,|dt| > 24 h (timing sensitivity),33.326882,46.76124355
669_20230504,506_001_20230429,2023-05-04,-108.12586400063998,F,3.0,1.5235826811069657,1.526572832889121,-0.0029901517821553,False,|dt| > 24 h (timing sensitivity),33.32688642113292,46.757813249432736
669_20230504,514_001_20230507,2023-05-04,82.62441377713779,F,3.0,1.658487428361937,1.5218669853128317,0.1098517782513877,False,|dt| > 24 h (timing sensitivity),33.32689016698623,46.758062240040005
669_20230504,515_001_20230508,2023-05-04,106.46830266602666,F,3.0,1.693016926744125,1.5263036686774978,0.1667132580666273,False,|dt| > 24 h (timing sensitivity),33.32691396051077,46.75791654390834
669_20240501,014_234_20240425,2024-05-01,-137.13548204465778,F,1.0,1.4264350347941566,1.7019275368391042,-0.2754925020449477,False,|dt| > 24 h (timing sensitivity),33.3534343,46.776612319999984
669_20240501,015_027_20240509,2024-05-01,186.5828512886756,F,7.0,1.822568902383676,1.696351917639756,0.15298280097341,False,|dt| > 24 h (timing sensitivity),33.3494234,46.76745489
669_20240731,018_540_20240729,2024-07-31,-51.40855569450666,F,4.0,0.4720800780999727,0.2970379288429043,0.178136325156359,False,|dt| > 24 h (timing sensitivity),33.31635680834217,46.756265691772064
669_20240731,019_234_20240808,2024-07-31,186.96283319438223,F,1.0,0.2520202820416415,0.2635374018934282,-0.0115171198517867,False,|dt| > 24 h (timing sensitivity),33.3347937,46.76073374
669_20250429,031_540_20250426,2025-04-29,-80.62146984113778,F,5.0,0.2260732618851477,0.2061777830343896,0.0133811657731186,False,|dt| > 24 h (timing sensitivity),33.3497789,46.766588090000006
729_20230807,001_333_20230802,2023-08-07,-118.43669779740443,F,1.0,0.3875952669433076,0.6102326468915109,-0.2226373799482033,False,|dt| > 24 h (timing sensitivity),32.6812304,46.66369234
729_20231105,006_027_20231103,2023-11-05,-56.72393789795556,F,2.0,0.174376223522616,0.2926463784645099,-0.1182701549418938,False,|dt| > 24 h (timing sensitivity),32.66884103967807,46.62783084865348
729_20240204,010_333_20240205,2024-02-04,29.00644633543111,F,9.0,0.498443581741526,0.5361664004889395,-0.0359034733372389,False,|dt| > 24 h (timing sensitivity),32.64785304551343,46.62813699276119
729_20240804,018_540_20240729,2024-08-04,-147.2735933280711,D,7.0,0.3748065569363632,0.3207095307257788,0.0612684277152375,False,|dt| > 24 h (timing sensitivity),32.583221,46.59596283
729_20240804,019_333_20240811,2024-08-04,176.44557333859555,D,7.0,0.3239646976828787,0.3212169568136183,0.0095181545077984,False,|dt| > 24 h (timing sensitivity),32.58319,46.59589977000002
729_20241103,023_333_20241103,2024-11-03,-0.2076081239466666,F,14.0,-0.0178903331454627,0.0216318843030149,-0.032133730154567,True,,32.6872416670193,46.64125604465082
729_20250201,027_333_20250125,2025-02-01,-176.8607109823289,D,3.0,0.1822847672464007,0.0930448856645469,0.1034882869373312,False,|dt| > 24 h (timing sensitivity),32.6113266,46.61940327000001
729_20250201,028_027_20250204,2025-02-01,61.50678901767111,F,3.0,0.1258831205082522,0.0815693331228573,0.0443137873853949,False,|dt| > 24 h (timing sensitivity),32.6520625,46.62163785
729_20250503,031_540_20250426,2025-05-03,-176.48568096789333,D,1.0,0.0696776841128681,0.2217974633604775,-0.1521197792476094,False,|dt| > 24 h (timing sensitivity),32.5552891,46.59720350999999
789_20230512,510_001_20230503,2023-05-12,-204.47135817848888,E,6.0,0.2811261370125244,0.1155759270142748,0.1848264788818907,False,|dt| > 24 h (timing sensitivity),31.792004062288743,46.57058401843726
789_20230512,511_001_20230504,2023-05-12,-180.6274692896,E,6.0,0.2880579940228323,0.1374958230760254,0.1445185634688197,False,|dt| > 24 h (timing sensitivity),31.791577439459736,46.57052918167389
789_20230512,514_001_20230507,2023-05-12,-109.09608040071112,E,6.0,0.2461634178594689,0.1204091560866293,0.143305427824341,False,|dt| > 24 h (timing sensitivity),31.79172652328132,46.57056681965856
789_20230512,515_001_20230508,2023-05-12,-85.25219151182222,E,6.0,0.207587668201775,0.1155759270142748,0.1108860465784431,False,|dt| > 24 h (timing sensitivity),31.791727365582023,46.57061123894348
789_20230512,516_001_20230509,2023-05-12,-61.40830262293333,E,6.0,0.2214871825822761,0.1276834561976159,0.0879408180228411,False,|dt| > 24 h (timing sensitivity),31.79167569914961,46.57050548158393
789_20230512,517_001_20230510,2023-05-12,-37.56441373404445,E,6.0,0.2178925133803986,0.1155759270142748,0.1201461506436487,False,|dt| > 24 h (timing sensitivity),31.79178360755679,46.57057197963992
789_20230512,518_001_20230511,2023-05-12,-13.720802622933334,E,6.0,0.2001606323317091,0.1189795128824853,0.1057522329459326,True,,31.791793222374903,46.57053482494774
789_20230512,519_001_20230512,2023-05-12,10.123086265955555,E,4.0,0.1570473681004927,0.1074947825149976,0.0797870028303133,True,,31.789989854398662,46.57046589807688
789_20230512,521_001_20230514,2023-05-12,57.81058626595556,E,6.0,0.2968932470333669,0.1155759270142748,0.1886616981581328,False,|dt| > 24 h (timing sensitivity),31.79176029960809,46.57055039063023
789_20230512,522_001_20230515,2023-05-12,81.65447515484445,E,6.0,0.3016731245245854,0.1170055702184189,0.1799707502394856,False,|dt| > 24 h (timing sensitivity),31.79184465179597,46.57062779423098
789_20230512,523_001_20230516,2023-05-12,105.49808626595556,E,6.0,0.3135358431973483,0.1170055702184189,0.2116234199373492,False,|dt| > 24 h (timing sensitivity),31.791856974141336,46.57061960939724
789_20230512,525_001_20230518,2023-05-12,153.18586404373332,E,6.0,0.3228196824225158,0.1204091560866293,0.2124034055400745,False,|dt| > 24 h (timing sensitivity),31.791690485907992,46.570596716
789_20230811,001_333_20230802,2023-08-11,-214.2959462523733,E,19.0,0.1853205029107272,-0.0155303117522471,0.1839987667446898,False,|dt| > 24 h (timing sensitivity),31.849349703068768,47.029412429912895
789_20231109,005_540_20231031,2023-11-09,-213.92054666837333,E,7.0,0.2298652796966571,0.134259264867083,0.0829001565080673,False,|dt| > 24 h (timing sensitivity),31.8085739,47.192894110000005
789_20231109,006_055_20231104,2023-11-09,-128.56804666837334,E,10.0,0.3109246381221862,0.0696856957467053,0.2220756925910958,False,|dt| > 24 h (timing sensitivity),31.817916061686645,46.88393976257801
789_20231109,006_262_20231111,2023-11-09,48.45973110940445,E,5.0,0.4836225849079767,0.106309318345227,0.3670017921637498,False,|dt| > 24 h (timing sensitivity),31.7684242,47.20624678999999
789_20240208,010_262_20240203,2024-02-08,-128.1928418271289,E,1.0,0.3011154176725164,0.2304031618695354,0.0707122558029809,False,|dt| > 24 h (timing sensitivity),31.751847000000005,47.21334838
789_20240208,010_333_20240205,2024-02-08,-66.84950849379555,E,1.0,0.6749819558597636,0.2296784426938938,0.4453035131658698,False,|dt| > 24 h (timing sensitivity),31.7515778,47.21318573
789_20240208,010_540_20240213,2024-02-08,110.17826928398222,E,4.0,1.040566720757317,0.2264406560331808,0.8111797372969844,False,|dt| > 24 h (timing sensitivity),31.748298364126544,47.2149552592589
789_20240208,011_055_20240216,2024-02-08,195.5307692839822,E,4.0,0.0840502595927521,0.2281084819604979,-0.1394382125726663,False,|dt| > 24 h (timing sensitivity),31.74839301082336,47.21490938274356
789_20240509,015_055_20240510,2024-05-09,18.87385452679111,E,12.0,0.2039462116990229,0.2614751794887429,-0.0455268330700686,True,,31.81537485497727,46.60509433225042
789_20240509,015_262_20240517,2024-05-09,195.90718786012448,E,10.0,0.2633804344911628,0.2027371935028226,0.0556400042426128,False,|dt| > 24 h (timing sensitivity),31.781601324155663,46.57234416640832
789_20240808,019_055_20240801,2024-08-08,-157.78487743402667,E,6.0,0.3066616779417668,0.0959813938224272,0.2223734291840209,False,|dt| > 24 h (timing sensitivity),31.80483300672493,46.88963412631724
789_20240808,019_262_20240809,2024-08-08,19.248178121528888,E,1.0,0.1271695540537578,0.1101636348619958,0.0170059191917619,True,,31.799733,46.601929339999984
789_20240808,019_333_20240811,2024-08-08,80.58553923264,E,6.0,0.0843990001875027,0.0959813938224272,-0.0209799285806839,False,|dt| > 24 h (timing sensitivity),31.804605292598957,46.88939853785827
789_20250205,027_540_20250201,2025-02-05,-95.6970093457778,E,11.0,0.0102238819609006,-0.1428449670067753,0.1561262468581432,False,|dt| > 24 h (timing sensitivity),31.744996773074263,47.24174691471818
789_20250205,028_055_20250205,2025-02-05,-10.344509345777777,E,14.0,-0.1232252967426248,-0.1233994581681088,-0.0066761258165755,True,,31.75045011043363,47.21367412266751
789_20250205,028_262_20250212,2025-02-05,166.6829906542222,E,14.0,0.0849278009258487,-0.1268234863001112,0.212896934457869,False,|dt| > 24 h (timing sensitivity),31.74898861149024,47.21520513877008
789_20250205,028_333_20250215,2025-02-05,228.0266017653333,E,14.0,-0.1218590438533464,-0.1237593480486438,-0.034701888956377,False,|dt| > 24 h (timing sensitivity),31.749977211628654,47.21344961839278
789_20250507,032_055_20250429,2025-05-07,-186.9951235946667,E,1.0,0.0460426657297503,0.1260805374068745,-0.0800378716771241,False,|dt| > 24 h (timing sensitivity),31.776822,46.59450999999999
829_20230514,512_001_20230505,2023-05-14,-216.87788983765333,F,42.0,0.8864661125158122,0.8593619350431974,0.014970300056639,False,|dt| > 24 h (timing sensitivity),32.82892865315996,46.72258066773143
829_20230514,514_001_20230507,2023-05-14,-169.19177872654222,F,85.0,0.8163790877365358,0.8724505781120051,-0.0536555707850254,False,|dt| > 24 h (timing sensitivity),32.8290349105997,46.90058297071131
829_20230514,515_001_20230508,2023-05-14,-145.34816761543112,F,86.0,0.8312023913788629,0.8717924007932751,-0.0386339112160509,False,|dt| > 24 h (timing sensitivity),32.82939816912756,46.90085238378417
829_20230514,516_001_20230509,2023-05-14,-121.50427872654222,F,66.0,0.8457444485053323,0.8672099688912702,-0.0278853609946096,False,|dt| > 24 h (timing sensitivity),32.82916159186442,46.9132655458817
829_20230514,517_001_20230510,2023-05-14,-97.66038983765334,F,77.0,0.871528383945499,0.8755681333619787,-0.0072418275692989,False,|dt| > 24 h (timing sensitivity),32.82860478952466,46.90015315166501
829_20230514,518_001_20230511,2023-05-14,-73.81650094876444,F,55.0,0.8888113384184493,0.868171618011683,0.0096818190457241,False,|dt| > 24 h (timing sensitivity),32.83180480348007,46.940468973624064
829_20230514,519_001_20230512,2023-05-14,-49.97288983765333,F,66.0,0.8510317788511834,0.8657046457653275,-0.0130498070659967,False,|dt| > 24 h (timing sensitivity),32.83070276004421,46.90038876127669
829_20230514,520_001_20230513,2023-05-14,-26.129000948764443,F,58.0,0.8585608154947213,0.8640703398103833,-0.0181004348785815,False,|dt| > 24 h (timing sensitivity),32.82908988846671,46.95190470255766
829_20230514,521_001_20230514,2023-05-14,-2.2853898376533333,F,72.0,0.879304078293023,0.8693002058367849,0.0115788497362228,True,,32.827882804632324,46.80747601957844
829_20230514,522_001_20230515,2023-05-14,21.558499051235557,F,86.0,0.9220697662201154,0.8742727571919202,0.046830296681442,True,,32.829320930791134,46.90179706889708
829_20230514,523_001_20230516,2023-05-14,45.40211016234667,F,48.0,0.9242361741130996,0.8666777757042796,0.0552410909697336,False,|dt| > 24 h (timing sensitivity),32.82753749424396,46.74127188119249
829_20230514,524_001_20230517,2023-05-14,69.24822127345777,F,19.0,0.9945987771300722,0.8755681333619787,0.0961821083599332,False,|dt| > 24 h (timing sensitivity),32.84533761847471,47.08392064934527
829_20230514,525_001_20230518,2023-05-14,93.08988794012444,F,84.0,0.91456528041609,0.8722770369616049,0.0359345114066567,False,|dt| > 24 h (timing sensitivity),32.82981808232846,46.9075958838605
829_20230514,530_001_20230523,2023-05-14,212.3093323845689,F,75.0,0.948010068790829,0.8707904168068428,0.077249787779305,False,|dt| > 24 h (timing sensitivity),32.83119383590364,46.91338371767789
829_20230514,531_001_20230524,2023-05-14,236.15322127345777,F,82.0,0.9456388117618086,0.8737847049109293,0.0696072994375773,False,|dt| > 24 h (timing sensitivity),32.82897906025538,46.85029477529962
829_20230813,002_333_20230822,2023-08-13,226.35870720526225,F,18.0,0.3373094438341972,0.2380931642817145,0.0942159232472645,False,|dt| > 24 h (timing sensitivity),32.80002796714356,46.92606580070798
829_20231112,006_027_20231103,2023-11-12,-212.6781594997333,F,27.0,0.0120976030071489,0.5282203870881155,-0.508628658720669,False,|dt| > 24 h (timing sensitivity),32.81332906516839,46.71328358470313
829_20231112,006_540_20231121,2023-11-12,226.73489605582225,F,13.0,0.2433940823206484,0.5443612154246491,-0.36986105185456,False,|dt| > 24 h (timing sensitivity),32.813400895968314,46.7104284520717
829_20240810,019_333_20240811,2024-08-10,20.485812894435558,F,67.0,0.2748204871453943,0.2970580903713493,-0.0285134796382138,True,,32.82664134077587,46.85557695930137
829_20240810,019_540_20240819,2024-08-10,197.51775733888,F,49.0,0.2884145629409786,0.2970580903713493,-0.0355512355811953,False,|dt| > 24 h (timing sensitivity),32.82898169392097,46.85733995697041
829_20241109,023_333_20241103,2024-11-09,-156.16324531413335,F,43.0,0.1401341074156725,-0.0536155515932321,0.2055071558751997,False,|dt| > 24 h (timing sensitivity),32.82316784241624,46.93949920225564
829_20250208,027_540_20250201,2025-02-08,-155.79256723541334,F,36.0,0.1293339546971221,-0.0699398739706822,0.1935009599355019,False,|dt| > 24 h (timing sensitivity),32.83139066982296,46.99971033094726
829_20250208,028_027_20250204,2025-02-08,-94.45423390208,F,71.0,0.1792379174888019,-0.0733736038420218,0.2667339602900185,False,|dt| > 24 h (timing sensitivity),32.82747422858932,46.85381905602511
829_20250208,028_333_20250215,2025-02-08,167.9268772090311,F,62.0,0.2305546181113342,-0.0800776970881749,0.3149370390574413,False,|dt| > 24 h (timing sensitivity),32.83011570484933,46.905623647447925
889_20230518,516_001_20230509,2023-05-18,-217.36558944028445,E,8.0,0.1780317292091222,0.3365279287232745,-0.1495980967033254,False,|dt| > 24 h (timing sensitivity),32.031747913685464,46.55455072153256
889_20230518,517_001_20230510,2023-05-18,-193.52170055139555,E,8.0,0.2402647331027534,0.3312449629405929,-0.0905897698385489,False,|dt| > 24 h (timing sensitivity),32.031802350317435,46.55473537710119
889_20230518,518_001_20230511,2023-05-18,-169.67808944028442,E,9.0,0.2383807839942591,0.3364485357780751,-0.0894094264052753,False,|dt| > 24 h (timing sensitivity),32.03048509581024,46.55470441345416
889_20230518,519_001_20230512,2023-05-18,-145.83420055139555,E,9.0,0.199178627629653,0.3354838496356223,-0.1343628557012994,False,|dt| > 24 h (timing sensitivity),32.0304105,46.55452088999999
889_20230518,521_001_20230514,2023-05-18,-98.14670055139555,E,9.0,0.321663749400745,0.3364485357780751,-0.019957467462925,False,|dt| > 24 h (timing sensitivity),32.03047560772415,46.55468178114649
889_20230518,522_001_20230515,2023-05-18,-74.30281166250667,E,9.0,0.3584943711448538,0.3364485357780751,0.0315618738361322,False,|dt| > 24 h (timing sensitivity),32.03046113093064,46.55470240767567
889_20230518,523_001_20230516,2023-05-18,-50.459200551395554,E,4.0,0.3330055756286523,0.3373972713086397,-0.0078824334200762,False,|dt| > 24 h (timing sensitivity),31.992012208047715,46.5537891663861
889_20230518,525_001_20230518,2023-05-18,-2.7714227736177777,E,9.0,0.2805270934179447,0.3326248095733533,-0.049468197316127,True,,32.0304782,46.55474925999999
889_20230518,530_001_20230523,2023-05-18,116.44802167082663,E,7.0,0.2873888883102573,0.3364485357780751,-0.0608050719188284,False,|dt| > 24 h (timing sensitivity),32.0304507,46.55474256
889_20230518,531_001_20230524,2023-05-18,140.29191055971555,E,3.0,0.2807970322008692,0.3445107180161599,-0.0636775020003099,False,|dt| > 24 h (timing sensitivity),32.0257897,46.51741875999999
889_20230518,533_001_20230526,2023-05-18,187.97968833749331,E,7.0,0.2887995140947872,0.3354040341411348,-0.061466248784562,False,|dt| > 24 h (timing sensitivity),31.99506896760771,46.54138264697181
889_20230518,534_001_20230527,2023-05-18,211.8235772263822,E,3.0,0.2991255397763765,0.3445107180161599,-0.0565299241553063,False,|dt| > 24 h (timing sensitivity),32.06589600721165,46.51045333040841
889_20230817,002_333_20230822,2023-08-17,130.497156528,E,10.0,0.1615343001434688,0.1367408973584796,0.0491053666815179,False,|dt| > 24 h (timing sensitivity),31.98917093525189,46.573584811113065
889_20231116,006_262_20231111,2023-11-16,-107.49916133916444,E,2.0,0.3033018008442152,0.0462014837748467,0.2571003170693684,False,|dt| > 24 h (timing sensitivity),31.982006185923748,46.60938602454024
889_20231116,006_540_20231121,2023-11-16,130.87194977194667,E,8.0,-0.1184456138770073,0.0618778280735909,-0.1820363649195062,False,|dt| > 24 h (timing sensitivity),32.018741983419964,46.55485531626776
889_20240814,019_262_20240809,2024-08-14,-136.7099407948089,E,3.0,0.139360134379924,0.1856308519532543,-0.0614470756923086,False,|dt| > 24 h (timing sensitivity),32.02537730572783,46.56769248199071
889_20240814,019_333_20240811,2024-08-14,-75.37355190592001,E,7.0,0.1694508564212817,0.2036988359140714,-0.0662335810276637,False,|dt| > 24 h (timing sensitivity),32.0650179,46.55148234
889_20240814,019_540_20240819,2024-08-14,101.65867031630222,E,7.0,-0.0694084727208945,0.2036988359140714,-0.2867026217029931,False,|dt| > 24 h (timing sensitivity),32.0650854,46.5515161
889_20250212,028_262_20250212,2025-02-12,10.73254716544,E,3.0,0.0537394407163809,-0.157569395437406,0.1956469113903018,True,,32.030395985566294,46.55561762349703
889_20250212,028_333_20250215,2025-02-12,72.06893605432889,E,7.0,-0.0694074612033937,-0.1623778819430494,0.0917314073360771,False,|dt| > 24 h (timing sensitivity),32.0305514,46.5547751
989_20230824,002_305_20230821,2023-08-24,-48.70939017223111,R,1.0,13.667712566335748,13.415640503968422,0.2520720623673256,False,|dt| > 24 h (timing sensitivity),35.074425,47.86182135999999
989_20230824,002_512_20230829,2023-08-24,128.3128320499911,R,1.0,13.0653891290614,13.333448003450922,-0.2680588743895207,False,|dt| > 24 h (timing sensitivity),35.0825834,47.81688909999999
989_20250218,028_206_20250210,2025-02-18,-192.4922539976533,R,2.0,12.926377102735662,13.081269498813931,-0.1548923960782708,False,|dt| > 24 h (timing sensitivity),35.076971704587734,47.86153314024484
