id,name,lon,lat,kind,status_2023,zone,first,last,n_days,n_days_post_breach,spans_breach
80977,Nova Kakhovka,33.374615,46.775432,reservoir gauge,,R,2019-01-01,2021-12-31,1096.0,0.0,False
80971,Velyka Lepetykha,33.931094,47.175331,reservoir gauge,,R,2019-01-01,2021-12-31,1096.0,0.0,False
80964,Nikopol,34.375355,47.554451,reservoir gauge,,R,2019-01-01,2021-12-31,1096.0,0.0,False
80963,Blahovishchenka,34.821044,47.463877,reservoir gauge,,R,2019-01-01,2021-12-31,1096.0,0.0,False
80959,Rozumivka,35.14889,47.771208,reservoir gauge,,R,2019-01-01,2025-12-31,2538.0,921.0,True
80961,Plavni,35.326056,47.56711,reservoir gauge,,R,2019-01-01,2021-12-31,1096.0,0.0,False
80805,Kherson,32.612026,46.62375,downstream gauge,,D,2019-01-01,2025-12-31,2176.0,574.0,True
80802,Nova Kakhovka (tailwater),33.346667,46.758611,2023 yearbook post,діючий до 07.2022 (окупація); у щорічнику 2023 даних немає,F,,,,,
80807,Kasperivka,32.319487858959064,46.55145353069963,2023 yearbook post,"діючий; з 03.08 спостереження на тимчасовому місці (оз. Дедове, 2 км на схід)",D,,,,,
81801,Oleksandrivka,31.26972222,47.68555556,2023 yearbook post,"діючий (ГП-І, річковий пост, поза всіма зонами)",none,,,,,
98027,Mykolaiv,31.970917,46.984306,2023 yearbook post,діючий,E,,,,,
98025,Parutyne,31.910218144879558,46.70875311159131,2023 yearbook post,діючий,E,,,,,
98032,Stanislav,32.14353179431262,46.55878816094544,2023 yearbook post,"діючий до 10.05.2023; з 11.05 призупинено (мінування, евакуація спостерігача)",E,,,,,
98033,Heroiske,31.896809000844556,46.51750333367365,2023 yearbook post,рівень не спостерігався з 18.09.2022 (зруйновано причал); закрито 31.12.2023,E,,,,,
98022,Ochakiv,31.552048718704924,46.60263049261722,2023 yearbook post,діючий (МГ-ІІ),E,,,,,
