universe,subset,n,median_cm,ci_lo_cm,ci_hi_cm,nmad_cm,within_10cm_pct
paper_RFDE,window <=1d,28,1.4292384464003938,-2.3608757880131392,4.308270553808091,7.897912173178552,67.85714285714286
paper_RFDE,window 1-3d,62,1.1030481022341387,-1.3049807065982577,5.198799154401446,13.87043451413739,51.61290322580645
paper_RFDE,window 3-10d,226,-0.8756239290839574,-3.5134220892580004,2.5063706468576363,18.58766338928054,42.47787610619469
paper_RFDE,<=1d period pre_drawdown,14,2.070037697023963,-3.484312561105929,7.629126481369886,9.581687986855497,64.28571428571429
paper_RFDE,<=1d period post,14,0.5360737981748631,-3.2133730154549234,6.1014542529278515,6.551760565013923,71.42857142857143
paper_RFDE,<=1d zone D,2,6.469260122613285,,,12.364385453242488,50.0
paper_RFDE,<=1d zone E,13,1.7005919191772634,-4.552683307005445,10.575223294594505,9.855452513459628,61.53846153846154
paper_RFDE,<=1d zone F,12,2.15475111715997,-3.0323604896377976,4.308270553808091,4.988873814207469,75.0
paper_RFDE,<=1d zone R,1,-8.00256655452145,,,0.0,100.0
paper_RFDE,LakeSP small <=1d,20,4.858623051939404,,,12.49208675935905,
paper_RFDE,LakeSP large <=1d,28,86.57703862372523,,,154.96134322874232,
legacy_ZONE_1to4,window <=1d,30,2.3413911698008327,-1.7037032331223223,5.392241960536559,9.289514655294925,63.33333333333333
legacy_ZONE_1to4,window 1-3d,64,1.1030481022341387,-1.4708838707694127,5.490350681715839,14.453635348360935,50.0
legacy_ZONE_1to4,window 3-10d,233,-0.5992109412073177,-3.4701888956373494,2.8109172707093677,18.550977930660697,43.34763948497854
legacy_ZONE_1to4,<=1d period pre_drawdown,14,2.070037697023963,-3.6510129401892133,7.629126481369886,9.581687986855497,64.28571428571429
legacy_ZONE_1to4,<=1d period post,16,2.7439071723034836,-2.851347963820672,14.808923857432177,9.825094325497014,62.5
legacy_ZONE_1to4,<=1d zone D,2,6.469260122613285,,,12.364385453242488,50.0
legacy_ZONE_1to4,<=1d zone E,13,1.7005919191772634,-4.552683307005445,10.575223294594505,9.855452513459628,61.53846153846154
legacy_ZONE_1to4,<=1d zone F,12,2.15475111715997,-3.0323604896377976,4.308270553808091,4.988873814207469,75.0
legacy_ZONE_1to4,<=1d zone R,1,-8.00256655452145,,,0.0,100.0
legacy_ZONE_1to4,<=1d zone none,2,19.46165007947993,,,6.788552148147541,0.0
legacy_ZONE_1to4,LakeSP small <=1d,22,6.007148047796207,,,11.081496548082155,
legacy_ZONE_1to4,LakeSP large <=1d,29,84.3573824347299,,,150.93710916530176,
