ovp,lake_obs,size,area_km2,n_seg,icesat_range_m,dt_days,icesat_time,d_m,x,y,period,zone,window,universe
1049_20240225,225238L000032,large,588.513378,1322,2.1228634286768404,0.11982326972,2024-02-25 15:31:39.269496320+00:00,2.664763944096334,638624.6479831138,5262905.351768277,post,R,<=1d,paper_RFDE
1109_20231130,225072R099996,large,241.852671,89,0.5052096919053248,0.9303191890222223,2023-11-30 19:43:41.422068480+00:00,1.187586025852145,548865.6042691797,5196813.099734614,post,R,<=1d,paper_RFDE
1109_20231130,225072R099996,large,241.843686,89,0.5052096919053248,0.9303191890222223,2023-11-30 19:43:41.422068480+00:00,1.1805840743161475,548865.8506196502,5196812.911838033,post,R,<=1d,paper_RFDE
1149_20231203,225238L000094,large,589.83344,23,0.19868876227567966,0.9823729824977777,2023-12-03 07:49:13.974312192+00:00,-0.18437607960908764,638600.7963515886,5262900.259083372,post,R,<=1d,paper_RFDE
1149_20231203,225238L000094,large,588.913889,23,0.19868876227567966,0.9823729824977777,2023-12-03 07:49:13.974312192+00:00,-0.1744830295937625,638600.4186363362,5262900.248900058,post,R,<=1d,paper_RFDE
1149_20240303,225071R000001,large,534.273673,99,0.36853819914717434,0.9980386510874075,2024-03-03 03:28:35.460546048+00:00,-1.6587297922536663,598489.5359902582,5263262.593795909,post,R,<=1d,paper_RFDE
1209_20250305,225071L000053,large,721.64567,648,13.147925841315693,-0.6416401804681482,2025-03-05 09:58:53.711592448+00:00,1.2269320281531293,575508.7491860348,5252287.378023418,post,R,<=1d,paper_RFDE
1233_20230610,226237L999998,large,27.277846,138,0.2011133381851984,-0.7018299868918518,2023-06-10 04:07:55.110867456+00:00,0.37700692711796613,422589.10768162325,5164417.431060324,pre_drawdown,E,<=1d,paper_RFDE
1233_20230610,226237L999997,large,25.106016,135,0.8449864114892627,0.29166531461333334,2023-06-10 04:07:55.116817408+00:00,-0.02551313856263704,422562.89173263893,5164376.779625283,pre_drawdown,E,<=1d,paper_RFDE
205_20231002,225239L999942,small,2.158548,10,0.08612108196160406,0.2661804477437037,2023-10-02 10:45:25.009314816+00:00,0.6554738183924496,655598.7397088027,5302829.69456674,post,R,<=1d,paper_RFDE
205_20231002,225238L000017,large,591.624202,68,1.030871740234268,0.2660222990162963,2023-10-02 10:45:31.673364992+00:00,-0.7593891488647699,638939.918708021,5262815.2952827215,post,R,<=1d,paper_RFDE
205_20240101,225071L099955,large,465.735547,1164,1.4089427536461763,0.2814964357688889,2024-01-01 06:25:11.707949568+00:00,1.1929233116784808,658700.8021389467,5271092.379661587,post,R,<=1d,paper_RFDE
205_20240101,225071L099956,large,465.735117,1164,1.4089427536461763,0.2814964357688889,2024-01-01 06:25:11.707949568+00:00,1.1869653816382417,658700.890635735,5271092.43872606,post,R,<=1d,paper_RFDE
225_20230705,225237R000350,small,4.17391,66,0.8229057186865312,0.18163211879555555,2023-07-05 02:52:14.984935936+00:00,-0.36008986053098013,510779.95807478135,5178658.799898382,pre_drawdown,F,<=1d,paper_RFDE
225_20231003,225237R000252,small,1.142097,175,0.2461799137295806,-0.22408430958222222,2023-10-03 22:31:37.884347904+00:00,0.13059970215709527,509581.221343914,5179307.612827709,post,F,<=1d,paper_RFDE
265_20240105,225238R000001,large,676.996382,519,9.817314078593167,-0.15630995059555555,2024-01-05 06:16:52.179731456+00:00,5.549585822843941,575802.9774474559,5247632.331457933,post,R,<=1d,paper_RFDE
265_20240105,225238R000001,large,676.996382,519,9.817314078593167,-0.15630995059555555,2024-01-05 06:16:52.179731456+00:00,5.549585822843941,575802.9774474559,5247632.331457933,post,R,<=1d,paper_RFDE
265_20240105,225238R000001,large,678.343766,519,9.817314078593167,-0.15630995059555555,2024-01-05 06:16:52.179731456+00:00,5.586358488764283,575783.7881693942,5247638.211745705,post,R,<=1d,paper_RFDE
265_20240405,225071L000082,large,710.317092,31,0.11856598477091751,-0.1406253902014815,2024-04-05 01:56:10.033713408+00:00,-1.701080936860631,575601.0531840611,5251988.315723898,post,R,<=1d,paper_RFDE
289_20240406,225073L000135,small,0.552534,7,0.06569256285761327,-0.6304342974133333,2024-04-06 13:42:18.523296512+00:00,0.20349394244044916,453838.6237674415,5152347.860211173,post,D,<=1d,paper_RFDE
289_20240406,224073L000141,small,4.861673,74,0.12952799140571258,-0.6304323408192593,2024-04-06 13:42:18.354246656+00:00,0.10420588971724953,447740.5217525286,5148226.864260992,post,D,<=1d,paper_RFDE
289_20240406,224073L000145,small,0.280825,1,0.0,-0.6304309409333333,2024-04-06 13:42:18.233296640+00:00,0.12964553419340064,449892.43148014415,5149507.502285177,post,D,<=1d,paper_RFDE
609_20230730,225071L000172,large,718.369131,1337,3.7519888728756534,-0.5027225738281481,2023-07-30 01:36:38.230378752+00:00,-0.08322394925382781,575589.2054124777,5251789.483671165,pre_drawdown,R,<=1d,paper_RFDE
609_20240727,225070R099988,large,50.462623,13,1.174227940637909,0.8516165501037036,2024-07-27 08:14:55.330071040+00:00,1.7345357641472567,582667.2496325157,5266697.598827458,post,R,<=1d,paper_RFDE
609_20250425,225070R099984,large,54.064036,371,1.1591525621709415,-0.36561054481777777,2025-04-25 19:13:46.751072256+00:00,-0.2854145091828748,582433.976070324,5266624.536582995,post,R,<=1d,paper_RFDE
609_20250425,225071R000001,large,518.688576,102,1.347271418963203,-0.3655691947007408,2025-04-25 19:13:45.178422272+00:00,1.3820328243931979,598535.9653408241,5263284.209562368,post,R,<=1d,paper_RFDE
669_20241030,225072R099999,large,215.036134,376,0.6425286004543906,0.4295739534370371,2024-10-30 03:46:01.810423040+00:00,11.344502753590783,549015.0480464094,5196373.387274532,post,R,<=1d,paper_RFDE
669_20250429,225237L000100,small,0.120963,47,0.30288170641399503,-0.8033468961570371,2025-04-29 19:05:09.171827968+00:00,0.04690424888071476,523655.33387272595,5178936.780256461,post,F,<=1d,paper_RFDE
669_20250429,225237L000110,large,36.745291,210,22.61062769472104,-0.8033377329644444,2025-04-29 19:05:09.380128256+00:00,2.303134865486639,532543.7122945199,5183371.045666311,post,R,<=1d,paper_RFDE
705_20231104,225239R999961,large,156.58815,28,1.3465235350024791,-0.8726728559333334,2023-11-04 09:13:12.934752768+00:00,0.5509566981583571,621149.8656090425,5268126.175626592,post,R,<=1d,paper_RFDE
705_20231104,225238R000001,large,688.888419,19,2.38986753517964,-0.8727142864888889,2023-11-04 09:13:13.514352640+00:00,-0.6688323753723715,575555.0889177395,5248051.030116542,post,R,<=1d,paper_RFDE
705_20240203,225071L000128,large,710.653082,16,0.7436277917619663,-0.8571370828577778,2024-02-03 04:52:44.643958784+00:00,-2.7344693973223446,575539.4322217628,5251684.226405583,post,R,<=1d,paper_RFDE
705_20241101,225238L000034,large,591.908419,444,3.446603641142257,0.4816709307259259,2024-11-01 15:51:31.631585280+00:00,1.730317976672854,638900.9968400522,5262851.110223014,post,R,<=1d,paper_RFDE
789_20230512,224236L000106,small,0.108474,23,0.16330275355611334,-0.5716620201688889,2023-05-12 05:32:08.598542592+00:00,0.1390305992558929,404382.65910898574,5149385.387174109,pre_drawdown,E,<=1d,paper_RFDE
789_20230512,224236L000116,small,0.043418,5,0.07994834921048621,-0.5716603396118519,2023-05-12 05:32:08.453342464+00:00,-0.03296395575577904,407847.926356344,5148657.939985931,pre_drawdown,E,<=1d,paper_RFDE
789_20230512,224236L000105,small,0.092969,18,0.1525327083429211,0.4218333617748148,2023-05-12 05:32:08.597542656+00:00,0.06987474879785083,404368.7606775523,5149383.6196174305,pre_drawdown,E,<=1d,paper_RFDE
789_20230512,224236L000106,small,0.343263,28,0.19148857547433806,0.4218326974251852,2023-05-12 05:32:08.654942464+00:00,0.07334371779269766,405040.8363640844,5149483.283287082,pre_drawdown,E,<=1d,paper_RFDE
789_20230512,224236L000117,small,0.313898,8,0.06708333237654074,0.42183657647555556,2023-05-12 05:32:08.319792640+00:00,0.03709197092820382,412732.0959094231,5148007.724464539,pre_drawdown,E,<=1d,paper_RFDE
789_20230512,224236L000122,small,0.265051,27,0.12011474885467521,0.4218356557570371,2023-05-12 05:32:08.399342592+00:00,0.05026821215807331,411331.8016470226,5148446.044918692,pre_drawdown,E,<=1d,paper_RFDE
789_20230512,224236L000133,small,0.64961,26,0.21969664167687242,0.4218336441837037,2023-05-12 05:32:08.573142528+00:00,-0.03791623955825685,408146.90437988646,5149180.349558497,pre_drawdown,E,<=1d,paper_RFDE
789_20230512,224236L000156,small,0.051235,1,0.0,0.42183520401481484,2023-05-12 05:32:08.438373120+00:00,0.08642014453227631,411001.27315230155,5149003.330319862,pre_drawdown,E,<=1d,paper_RFDE
789_20240509,000237R000001,large,38.993499,155,0.23683051219885698,0.7863973089896297,2024-05-09 12:10:04.272503296+00:00,-0.718574065318144,404231.66397916246,5146644.982991298,post,E,<=1d,paper_RFDE
789_20240509,224237R000024,small,0.042596,9,0.12628542217952088,0.7863932210251853,2024-05-09 12:10:04.625703424+00:00,-0.9932509797539559,407473.38042105734,5148490.092533715,post,E,<=1d,paper_RFDE
789_20240808,226072L000014,small,0.144071,4,0.07796175483169776,0.801865615591111,2024-08-08 07:50:05.810812928+00:00,-1.3385718219139875,404139.1488078157,5214313.216482611,post,E,<=1d,paper_RFDE
789_20250205,224237R000002,large,37.476834,6,0.07580237014732916,-0.43104414230074073,2025-02-05 23:09:11.213894656+00:00,-0.03977034997432227,404260.47503056214,5146848.004806487,post,E,<=1d,paper_RFDE
789_20250205,226238R000025,small,0.711098,3,0.12407732241874925,-0.43102973952592594,2025-02-05 23:09:20.969495040+00:00,-0.3527756916599465,411537.77178049326,5213284.825803292,post,E,<=1d,paper_RFDE
829_20240810,225237R000315,small,0.906998,7,0.06953231526900083,0.8538095488414814,2024-08-10 19:55:43.854980096+00:00,-0.10694520166349264,486188.8551094155,5208046.455415883,post,F,<=1d,paper_RFDE
889_20230518,224236L000065,small,0.062514,9,0.06074099998791738,-0.11543438871703704,2023-05-18 17:29:33.531185152+00:00,-0.12613770888533082,426889.77005178004,5136455.838323796,pre_drawdown,E,<=1d,paper_RFDE
1049_20240225,225238L000032,large,588.513378,1322,2.1228634286768404,0.11982326972,2024-02-25 15:31:39.269496320+00:00,2.664763944096334,638624.6479831138,5262905.351768277,post,R,<=1d,legacy_ZONE_1to4
1109_20231130,225072R099996,large,241.852671,89,0.5052096919053248,0.9303191890222223,2023-11-30 19:43:41.422068480+00:00,1.187586025852145,548865.6042691797,5196813.099734614,post,R,<=1d,legacy_ZONE_1to4
1109_20231130,225072R099996,large,241.843686,89,0.5052096919053248,0.9303191890222223,2023-11-30 19:43:41.422068480+00:00,1.1805840743161475,548865.8506196502,5196812.911838033,post,R,<=1d,legacy_ZONE_1to4
1149_20231203,225238L000094,large,589.83344,23,0.19868876227567966,0.9823729824977777,2023-12-03 07:49:13.974312192+00:00,-0.18437607960908764,638600.7963515886,5262900.259083372,post,R,<=1d,legacy_ZONE_1to4
1149_20231203,225238L000094,large,588.913889,23,0.19868876227567966,0.9823729824977777,2023-12-03 07:49:13.974312192+00:00,-0.1744830295937625,638600.4186363362,5262900.248900058,post,R,<=1d,legacy_ZONE_1to4
1149_20240303,225071R000001,large,534.273673,99,0.36853819914717434,0.9980386510874075,2024-03-03 03:28:35.460546048+00:00,-1.6587297922536663,598489.5359902582,5263262.593795909,post,R,<=1d,legacy_ZONE_1to4
1209_20250305,225071L000053,large,721.64567,648,13.147925841315693,-0.6416401804681482,2025-03-05 09:58:53.711592448+00:00,1.2269320281531293,575508.7491860348,5252287.378023418,post,R,<=1d,legacy_ZONE_1to4
1233_20230610,226237L999998,large,27.277846,138,0.2011133381851984,-0.7018299868918518,2023-06-10 04:07:55.110867456+00:00,0.37700692711796613,422589.10768162325,5164417.431060324,pre_drawdown,E,<=1d,legacy_ZONE_1to4
1233_20230610,226237L999997,large,25.106016,135,0.8449864114892627,0.29166531461333334,2023-06-10 04:07:55.116817408+00:00,-0.02551313856263704,422562.89173263893,5164376.779625283,pre_drawdown,E,<=1d,legacy_ZONE_1to4
205_20231002,225239L999942,small,2.158548,10,0.08612108196160406,0.2661804477437037,2023-10-02 10:45:25.009314816+00:00,0.6554738183924496,655598.7397088027,5302829.69456674,post,R,<=1d,legacy_ZONE_1to4
205_20231002,225238L000017,large,591.624202,68,1.030871740234268,0.2660222990162963,2023-10-02 10:45:31.673364992+00:00,-0.7593891488647699,638939.918708021,5262815.2952827215,post,R,<=1d,legacy_ZONE_1to4
205_20240101,225071L099955,large,465.735547,1164,1.4089427536461763,0.2814964357688889,2024-01-01 06:25:11.707949568+00:00,1.1929233116784808,658700.8021389467,5271092.379661587,post,R,<=1d,legacy_ZONE_1to4
205_20240101,225070L000393,small,0.24896,28,0.15722360458067186,0.2814939762785185,2024-01-01 06:25:07.920449536+00:00,0.08665373268720344,657961.1896341505,5292377.368238664,post,none,<=1d,legacy_ZONE_1to4
205_20240101,225071L099956,large,465.735117,1164,1.4089427536461763,0.2814964357688889,2024-01-01 06:25:11.707949568+00:00,1.1869653816382417,658700.890635735,5271092.43872606,post,R,<=1d,legacy_ZONE_1to4
205_20240101,225070L000393,small,0.249071,28,0.15722360458067186,0.2814939762785185,2024-01-01 06:25:07.920449536+00:00,0.07990552726542788,657969.5956580488,5292376.626760157,post,none,<=1d,legacy_ZONE_1to4
225_20230705,225237R000350,small,4.17391,66,0.8229057186865312,0.18163211879555555,2023-07-05 02:52:14.984935936+00:00,-0.36008986053098013,510779.95807478135,5178658.799898382,pre_drawdown,F,<=1d,legacy_ZONE_1to4
225_20231003,225237R000252,small,1.142097,175,0.2461799137295806,-0.22408430958222222,2023-10-03 22:31:37.884347904+00:00,0.13059970215709527,509581.221343914,5179307.612827709,post,F,<=1d,legacy_ZONE_1to4
265_20240105,225238R000001,large,676.996382,519,9.817314078593167,-0.15630995059555555,2024-01-05 06:16:52.179731456+00:00,5.549585822843941,575802.9774474559,5247632.331457933,post,R,<=1d,legacy_ZONE_1to4
265_20240105,225238R000001,large,676.996382,519,9.817314078593167,-0.15630995059555555,2024-01-05 06:16:52.179731456+00:00,5.549585822843941,575802.9774474559,5247632.331457933,post,R,<=1d,legacy_ZONE_1to4
265_20240105,225238R000001,large,678.343766,519,9.817314078593167,-0.15630995059555555,2024-01-05 06:16:52.179731456+00:00,5.586358488764283,575783.7881693942,5247638.211745705,post,R,<=1d,legacy_ZONE_1to4
265_20240405,225071L000082,large,710.317092,31,0.11856598477091751,-0.1406253902014815,2024-04-05 01:56:10.033713408+00:00,-1.701080936860631,575601.0531840611,5251988.315723898,post,R,<=1d,legacy_ZONE_1to4
289_20240406,225073L000135,small,0.552534,7,0.06569256285761327,-0.6304342974133333,2024-04-06 13:42:18.523296512+00:00,0.20349394244044916,453838.6237674415,5152347.860211173,post,D,<=1d,legacy_ZONE_1to4
289_20240406,224073L000141,small,4.861673,74,0.12952799140571258,-0.6304323408192593,2024-04-06 13:42:18.354246656+00:00,0.10420588971724953,447740.5217525286,5148226.864260992,post,D,<=1d,legacy_ZONE_1to4
289_20240406,224073L000145,small,0.280825,1,0.0,-0.6304309409333333,2024-04-06 13:42:18.233296640+00:00,0.12964553419340064,449892.43148014415,5149507.502285177,post,D,<=1d,legacy_ZONE_1to4
609_20230730,225071L000172,large,718.369131,1337,3.7519888728756534,-0.5027225738281481,2023-07-30 01:36:38.230378752+00:00,-0.08322394925382781,575589.2054124777,5251789.483671165,pre_drawdown,R,<=1d,legacy_ZONE_1to4
609_20240727,225070R099988,large,50.462623,13,1.174227940637909,0.8516165501037036,2024-07-27 08:14:55.330071040+00:00,1.7345357641472567,582667.2496325157,5266697.598827458,post,R,<=1d,legacy_ZONE_1to4
609_20250425,225070R099984,large,54.064036,371,1.1591525621709415,-0.36561054481777777,2025-04-25 19:13:46.751072256+00:00,-0.2854145091828748,582433.976070324,5266624.536582995,post,R,<=1d,legacy_ZONE_1to4
609_20250425,225071R000001,large,518.688576,102,1.347271418963203,-0.3655691947007408,2025-04-25 19:13:45.178422272+00:00,1.3820328243931979,598535.9653408241,5263284.209562368,post,R,<=1d,legacy_ZONE_1to4
645_20230801,225238R999987,large,78.147091,1314,0.9052038008969703,-0.4503427157940741,2023-08-01 13:41:54.610644480+00:00,0.843573824347299,672818.8581175546,5284328.324327622,pre_drawdown,none,<=1d,legacy_ZONE_1to4
669_20241030,225072R099999,large,215.036134,376,0.6425286004543906,0.4295739534370371,2024-10-30 03:46:01.810423040+00:00,11.344502753590783,549015.0480464094,5196373.387274532,post,R,<=1d,legacy_ZONE_1to4
669_20250429,225237L000100,small,0.120963,47,0.30288170641399503,-0.8033468961570371,2025-04-29 19:05:09.171827968+00:00,0.04690424888071476,523655.33387272595,5178936.780256461,post,F,<=1d,legacy_ZONE_1to4
669_20250429,225237L000110,large,36.745291,210,22.61062769472104,-0.8033377329644444,2025-04-29 19:05:09.380128256+00:00,2.303134865486639,532543.7122945199,5183371.045666311,post,R,<=1d,legacy_ZONE_1to4
705_20231104,225239R999961,large,156.58815,28,1.3465235350024791,-0.8726728559333334,2023-11-04 09:13:12.934752768+00:00,0.5509566981583571,621149.8656090425,5268126.175626592,post,R,<=1d,legacy_ZONE_1to4
705_20231104,225238R000001,large,688.888419,19,2.38986753517964,-0.8727142864888889,2023-11-04 09:13:13.514352640+00:00,-0.6688323753723715,575555.0889177395,5248051.030116542,post,R,<=1d,legacy_ZONE_1to4
705_20240203,225071L000128,large,710.653082,16,0.7436277917619663,-0.8571370828577778,2024-02-03 04:52:44.643958784+00:00,-2.7344693973223446,575539.4322217628,5251684.226405583,post,R,<=1d,legacy_ZONE_1to4
705_20241101,225238L000034,large,591.908419,444,3.446603641142257,0.4816709307259259,2024-11-01 15:51:31.631585280+00:00,1.730317976672854,638900.9968400522,5262851.110223014,post,R,<=1d,legacy_ZONE_1to4
789_20230512,224236L000106,small,0.108474,23,0.16330275355611334,-0.5716620201688889,2023-05-12 05:32:08.598542592+00:00,0.1390305992558929,404382.65910898574,5149385.387174109,pre_drawdown,E,<=1d,legacy_ZONE_1to4
789_20230512,224236L000116,small,0.043418,5,0.07994834921048621,-0.5716603396118519,2023-05-12 05:32:08.453342464+00:00,-0.03296395575577904,407847.926356344,5148657.939985931,pre_drawdown,E,<=1d,legacy_ZONE_1to4
789_20230512,224236L000105,small,0.092969,18,0.1525327083429211,0.4218333617748148,2023-05-12 05:32:08.597542656+00:00,0.06987474879785083,404368.7606775523,5149383.6196174305,pre_drawdown,E,<=1d,legacy_ZONE_1to4
789_20230512,224236L000106,small,0.343263,28,0.19148857547433806,0.4218326974251852,2023-05-12 05:32:08.654942464+00:00,0.07334371779269766,405040.8363640844,5149483.283287082,pre_drawdown,E,<=1d,legacy_ZONE_1to4
789_20230512,224236L000117,small,0.313898,8,0.06708333237654074,0.42183657647555556,2023-05-12 05:32:08.319792640+00:00,0.03709197092820382,412732.0959094231,5148007.724464539,pre_drawdown,E,<=1d,legacy_ZONE_1to4
789_20230512,224236L000122,small,0.265051,27,0.12011474885467521,0.4218356557570371,2023-05-12 05:32:08.399342592+00:00,0.05026821215807331,411331.8016470226,5148446.044918692,pre_drawdown,E,<=1d,legacy_ZONE_1to4
789_20230512,224236L000133,small,0.64961,26,0.21969664167687242,0.4218336441837037,2023-05-12 05:32:08.573142528+00:00,-0.03791623955825685,408146.90437988646,5149180.349558497,pre_drawdown,E,<=1d,legacy_ZONE_1to4
789_20230512,224236L000156,small,0.051235,1,0.0,0.42183520401481484,2023-05-12 05:32:08.438373120+00:00,0.08642014453227631,411001.27315230155,5149003.330319862,pre_drawdown,E,<=1d,legacy_ZONE_1to4
789_20240509,000237R000001,large,38.993499,155,0.23683051219885698,0.7863973089896297,2024-05-09 12:10:04.272503296+00:00,-0.718574065318144,404231.66397916246,5146644.982991298,post,E,<=1d,legacy_ZONE_1to4
789_20240509,224237R000024,small,0.042596,9,0.12628542217952088,0.7863932210251853,2024-05-09 12:10:04.625703424+00:00,-0.9932509797539559,407473.38042105734,5148490.092533715,post,E,<=1d,legacy_ZONE_1to4
789_20240808,226072L000014,small,0.144071,4,0.07796175483169776,0.801865615591111,2024-08-08 07:50:05.810812928+00:00,-1.3385718219139875,404139.1488078157,5214313.216482611,post,E,<=1d,legacy_ZONE_1to4
789_20250205,224237R000002,large,37.476834,6,0.07580237014732916,-0.43104414230074073,2025-02-05 23:09:11.213894656+00:00,-0.03977034997432227,404260.47503056214,5146848.004806487,post,E,<=1d,legacy_ZONE_1to4
789_20250205,226238R000025,small,0.711098,3,0.12407732241874925,-0.43102973952592594,2025-02-05 23:09:20.969495040+00:00,-0.3527756916599465,411537.77178049326,5213284.825803292,post,E,<=1d,legacy_ZONE_1to4
829_20240810,225237R000315,small,0.906998,7,0.06953231526900083,0.8538095488414814,2024-08-10 19:55:43.854980096+00:00,-0.10694520166349264,486188.8551094155,5208046.455415883,post,F,<=1d,legacy_ZONE_1to4
889_20230518,224236L000065,small,0.062514,9,0.06074099998791738,-0.11543438871703704,2023-05-18 17:29:33.531185152+00:00,-0.12613770888533082,426889.77005178004,5136455.838323796,pre_drawdown,E,<=1d,legacy_ZONE_1to4
