universe,versions,window,quality,construction,n_small,n_large,small_med,small_nmad,large_med,large_nmad
Z1234,all,h24,all,segments,22,29,6.007148047796207,11.081496548082155,84.3573824347299,150.93710916530176
Z1234,all,h24,all,cells500,22,29,4.448734924321762,11.851653060295163,65.3374684206037,126.15653248472245
Z1234,all,h24,q<=1,segments,22,29,6.007148047796207,11.081496548082155,84.3573824347299,150.93710916530176
Z1234,all,h24,q<=1,cells500,22,29,4.448734924321762,11.851653060295163,65.3374684206037,126.15653248472245
Z1234,all,cal1,all,segments,33,45,6.987474879785083,13.949718445963319,82.34434313530343,134.45322008911646
Z1234,all,cal1,all,cells500,33,45,5.025963497015784,13.161183165003079,65.3374684206037,126.15653248472245
Z1234,all,cal1,q<=1,segments,33,45,6.987474879785083,13.949718445963319,82.34434313530343,134.45322008911646
Z1234,all,cal1,q<=1,cells500,33,45,5.025963497015784,13.161183165003079,65.3374684206037,126.15653248472245
Z1234,all,sameday,all,segments,13,13,6.987474879785083,4.860374646953865,119.29233116784808,218.21509216227093
Z1234,all,sameday,all,cells500,13,13,3.987562499275299,6.900690466929728,114.49868650201545,207.12717738483067
Z1234,all,sameday,q<=1,segments,13,13,6.987474879785083,4.860374646953865,119.29233116784808,218.21509216227093
Z1234,all,sameday,q<=1,cells500,13,13,3.987562499275299,6.900690466929728,114.49868650201545,207.12717738483067
Z1234,latest,h24,all,segments,21,24,5.026821215807331,12.34000121490775,46.39818126381616,152.03063725862165
Z1234,latest,h24,all,cells500,21,24,4.9099073493682255,11.941818263340247,42.562540199854304,125.65699427943962
Z1234,latest,h24,q<=1,segments,21,24,5.026821215807331,12.34000121490775,46.39818126381616,152.03063725862165
Z1234,latest,h24,q<=1,cells500,21,24,4.9099073493682255,11.941818263340247,42.562540199854304,125.65699427943962
Z1234,latest,cal1,all,segments,31,37,6.987474879785083,13.949718445963319,76.61359411487129,139.4561686022794
Z1234,latest,cal1,all,cells500,31,37,5.9742564145192745,12.498650286961588,45.36772818516965,120.88507185984182
Z1234,latest,cal1,q<=1,segments,31,37,6.987474879785083,13.949718445963319,76.61359411487129,139.4561686022794
Z1234,latest,cal1,q<=1,cells500,31,37,5.9742564145192745,12.498650286961588,45.36772818516965,120.88507185984182
Z1234,latest,sameday,all,segments,12,10,6.007148047796207,7.181483539420458,101.52696029927704,174.62982494903113
Z1234,latest,sameday,all,cells500,12,10,4.111324653232984,8.226934177575298,89.62018095929763,162.63049536010578
Z1234,latest,sameday,q<=1,segments,12,10,6.007148047796207,7.181483539420458,101.52696029927704,174.62982494903113
Z1234,latest,sameday,q<=1,cells500,12,10,4.111324653232984,8.226934177575298,89.62018095929763,162.63049536010578
Z123_master,all,h24,all,segments,22,29,6.007148047796207,11.081496548082155,84.3573824347299,150.93710916530176
Z123_master,all,h24,all,cells500,22,29,4.448734924321762,11.851653060295163,65.3374684206037,126.15653248472245
Z123_master,all,h24,q<=1,segments,22,29,6.007148047796207,11.081496548082155,84.3573824347299,150.93710916530176
Z123_master,all,h24,q<=1,cells500,22,29,4.448734924321762,11.851653060295163,65.3374684206037,126.15653248472245
Z123_master,all,cal1,all,segments,33,45,6.987474879785083,13.949718445963319,82.34434313530343,134.45322008911646
Z123_master,all,cal1,all,cells500,33,45,5.025963497015784,13.161183165003079,65.3374684206037,126.15653248472245
Z123_master,all,cal1,q<=1,segments,33,45,6.987474879785083,13.949718445963319,82.34434313530343,134.45322008911646
Z123_master,all,cal1,q<=1,cells500,33,45,5.025963497015784,13.161183165003079,65.3374684206037,126.15653248472245
Z123_master,all,sameday,all,segments,13,13,6.987474879785083,4.860374646953865,119.29233116784808,218.21509216227093
Z123_master,all,sameday,all,cells500,13,13,3.987562499275299,6.900690466929728,114.49868650201545,207.12717738483067
Z123_master,all,sameday,q<=1,segments,13,13,6.987474879785083,4.860374646953865,119.29233116784808,218.21509216227093
Z123_master,all,sameday,q<=1,cells500,13,13,3.987562499275299,6.900690466929728,114.49868650201545,207.12717738483067
Z123_master,latest,h24,all,segments,21,24,5.026821215807331,12.34000121490775,46.39818126381616,152.03063725862165
Z123_master,latest,h24,all,cells500,21,24,4.9099073493682255,11.941818263340247,42.562540199854304,125.65699427943962
Z123_master,latest,h24,q<=1,segments,21,24,5.026821215807331,12.34000121490775,46.39818126381616,152.03063725862165
Z123_master,latest,h24,q<=1,cells500,21,24,4.9099073493682255,11.941818263340247,42.562540199854304,125.65699427943962
Z123_master,latest,cal1,all,segments,31,37,6.987474879785083,13.949718445963319,76.61359411487129,139.4561686022794
Z123_master,latest,cal1,all,cells500,31,37,5.9742564145192745,12.498650286961588,45.36772818516965,120.88507185984182
Z123_master,latest,cal1,q<=1,segments,31,37,6.987474879785083,13.949718445963319,76.61359411487129,139.4561686022794
Z123_master,latest,cal1,q<=1,cells500,31,37,5.9742564145192745,12.498650286961588,45.36772818516965,120.88507185984182
Z123_master,latest,sameday,all,segments,12,10,6.007148047796207,7.181483539420458,101.52696029927704,174.62982494903113
Z123_master,latest,sameday,all,cells500,12,10,4.111324653232984,8.226934177575298,89.62018095929763,162.63049536010578
Z123_master,latest,sameday,q<=1,segments,12,10,6.007148047796207,7.181483539420458,101.52696029927704,174.62982494903113
Z123_master,latest,sameday,q<=1,cells500,12,10,4.111324653232984,8.226934177575298,89.62018095929763,162.63049536010578
Z14,all,h24,all,segments,7,25,7.990552726542788,7.515918369438607,118.69653816382417,201.84834144925694
Z14,all,h24,all,cells500,7,25,3.987562499275299,11.761487857250081,113.90289349799154,161.65081525377937
Z14,all,h24,q<=1,segments,7,25,7.990552726542788,7.515918369438607,118.69653816382417,201.84834144925694
Z14,all,h24,q<=1,cells500,7,25,3.987562499275299,11.761487857250081,113.90289349799154,161.65081525377937
Z14,all,cal1,all,segments,15,41,7.990552726542788,19.18839102586342,112.69929400401608,142.95065115940264
Z14,all,cal1,all,cells500,15,41,5.025963497015784,23.30718907930502,73.04652381810443,139.05272161232915
Z14,all,cal1,q<=1,segments,15,41,7.990552726542788,19.18839102586342,112.69929400401608,142.95065115940264
Z14,all,cal1,q<=1,cells500,15,41,5.025963497015784,23.30718907930502,73.04652381810443,139.05272161232915
Z14,all,sameday,all,segments,5,11,8.665373268720344,6.515429433606161,138.2032824393198,247.2157416759885
Z14,all,sameday,all,cells500,5,11,3.987562499275299,11.761487857250081,131.92182033627836,249.2101688830756
Z14,all,sameday,q<=1,segments,5,11,8.665373268720344,6.515429433606161,138.2032824393198,247.2157416759885
Z14,all,sameday,q<=1,cells500,5,11,3.987562499275299,11.761487857250081,131.92182033627836,249.2101688830756
Z14,latest,h24,all,segments,6,20,6.340488807307132,17.609203720220183,101.20789493317233,183.66581456231015
Z14,latest,h24,all,cells500,6,20,4.169352727056763,16.76457180865253,79.4893693639537,138.83138778753005
Z14,latest,h24,q<=1,segments,6,20,6.340488807307132,17.609203720220183,101.20789493317233,183.66581456231015
Z14,latest,h24,q<=1,cells500,6,20,4.169352727056763,16.76457180865253,79.4893693639537,138.83138778753005
Z14,latest,cal1,all,segments,13,33,7.990552726542788,19.18839102586342,84.3573824347299,137.40703791410306
Z14,latest,cal1,all,cells500,13,33,5.9742564145192745,22.71685659813798,68.87988136752234,131.40851391982403
Z14,latest,cal1,q<=1,segments,13,33,7.990552726542788,19.18839102586342,84.3573824347299,137.40703791410306
Z14,latest,cal1,q<=1,cells500,13,33,5.9742564145192745,22.71685659813798,68.87988136752234,131.40851391982403
Z14,latest,sameday,all,segments,4,8,10.525261471126157,36.37481728206703,128.44991030157198,218.69672874158775
Z14,latest,sameday,all,cells500,4,8,7.6166596668922,43.25397501843573,122.91235691713496,215.25290402261402
Z14,latest,sameday,q<=1,segments,4,8,10.525261471126157,36.37481728206703,128.44991030157198,218.69672874158775
Z14,latest,sameday,q<=1,cells500,4,8,7.6166596668922,43.25397501843573,122.91235691713496,215.25290402261402
