water_level_m,surface_area_km2,volume_reach1_km3,volume_reach2_km3,volume_reach3_km3,volume_reach4_km3,volume_reach5_km3,volume_total_km3,design_level,vertical_datum,source
18.0,2222,,,,,,22.57,,"HISTORICAL_BALTIC (BS-42/BS-77, not stated in source, NOT converted)","Dnipro reservoirs monograph, photographed pages (Tables 19-21, Figs 13-16) / Table 19"
17.5,2205,,,,,,21.46,NUF - highest forced level,"HISTORICAL_BALTIC (BS-42/BS-77, not stated in source, NOT converted)","Dnipro reservoirs monograph, photographed pages (Tables 19-21, Figs 13-16) / Table 19"
17.0,2188,,,,,,20.36,,"HISTORICAL_BALTIC (BS-42/BS-77, not stated in source, NOT converted)","Dnipro reservoirs monograph, photographed pages (Tables 19-21, Figs 13-16) / Table 19"
16.5,2172,6.9,5.64,2.79,3.56,0.38,19.27,,"HISTORICAL_BALTIC (BS-42/BS-77, not stated in source, NOT converted)","Dnipro reservoirs monograph, photographed pages (Tables 19-21, Figs 13-16) / Table 19"
16.0,2155,6.65,5.38,2.6,3.21,0.35,18.19,NPG - normal impoundment level,"HISTORICAL_BALTIC (BS-42/BS-77, not stated in source, NOT converted)","Dnipro reservoirs monograph, photographed pages (Tables 19-21, Figs 13-16) / Table 19"
15.5,2133,6.4,5.12,2.42,2.86,0.32,17.12,,"HISTORICAL_BALTIC (BS-42/BS-77, not stated in source, NOT converted)","Dnipro reservoirs monograph, photographed pages (Tables 19-21, Figs 13-16) / Table 19"
15.0,2110,6.16,4.85,2.24,2.52,0.29,16.06,,"HISTORICAL_BALTIC (BS-42/BS-77, not stated in source, NOT converted)","Dnipro reservoirs monograph, photographed pages (Tables 19-21, Figs 13-16) / Table 19"
14.5,2077,5.92,4.59,2.06,2.18,0.26,15.01,,"HISTORICAL_BALTIC (BS-42/BS-77, not stated in source, NOT converted)","Dnipro reservoirs monograph, photographed pages (Tables 19-21, Figs 13-16) / Table 19"
14.0,2041,5.68,4.32,1.88,1.87,0.23,13.98,UNS - navigation drawdown level,"HISTORICAL_BALTIC (BS-42/BS-77, not stated in source, NOT converted)","Dnipro reservoirs monograph, photographed pages (Tables 19-21, Figs 13-16) / Table 19"
13.5,1984,5.44,4.06,1.71,1.57,0.2,12.98,,"HISTORICAL_BALTIC (BS-42/BS-77, not stated in source, NOT converted)","Dnipro reservoirs monograph, photographed pages (Tables 19-21, Figs 13-16) / Table 19"
13.0,1916,5.2,3.8,1.55,1.27,0.18,12.0,,"HISTORICAL_BALTIC (BS-42/BS-77, not stated in source, NOT converted)","Dnipro reservoirs monograph, photographed pages (Tables 19-21, Figs 13-16) / Table 19"
12.7,1876,5.06,3.65,1.45,1.12,0.16,11.44,GMO - dead-volume level,"HISTORICAL_BALTIC (BS-42/BS-77, not stated in source, NOT converted)","Dnipro reservoirs monograph, photographed pages (Tables 19-21, Figs 13-16) / Table 19"
12.0,1774,4.73,3.29,1.22,0.78,0.13,10.15,,"HISTORICAL_BALTIC (BS-42/BS-77, not stated in source, NOT converted)","Dnipro reservoirs monograph, photographed pages (Tables 19-21, Figs 13-16) / Table 19"
11.5,1693,4.5,3.03,1.06,0.58,0.11,9.28,,"HISTORICAL_BALTIC (BS-42/BS-77, not stated in source, NOT converted)","Dnipro reservoirs monograph, photographed pages (Tables 19-21, Figs 13-16) / Table 19"
11.0,1613,4.28,2.78,0.92,0.4,0.09,8.46,,"HISTORICAL_BALTIC (BS-42/BS-77, not stated in source, NOT converted)","Dnipro reservoirs monograph, photographed pages (Tables 19-21, Figs 13-16) / Table 19"
10.5,1528,4.04,2.52,0.78,0.26,0.07,7.67,,"HISTORICAL_BALTIC (BS-42/BS-77, not stated in source, NOT converted)","Dnipro reservoirs monograph, photographed pages (Tables 19-21, Figs 13-16) / Table 19"
10.0,1443,3.82,2.27,0.65,0.15,0.06,6.95,,"HISTORICAL_BALTIC (BS-42/BS-77, not stated in source, NOT converted)","Dnipro reservoirs monograph, photographed pages (Tables 19-21, Figs 13-16) / Table 19"
